"Ontology"	"DEGs_set"	"ID"	"Description"	"Count"	"GeneRatio"	"BgRatio"	"FoldEnrichment"	"pvalue"	"p.adjust"	"geneID"
"BP"	"Up"	"GO:0042391"	"regulation of membrane potential"	29	"29/231"	"469/12591"	3.37033755157423	9.17435565000078e-09	2.87432562514524e-05	"Cacna1i, Kcnj3, Kcnj10, Kcnq3, Grik1, Grm1, Scn1a, Rgs7, Kcnc2, Gria4, Kcnj9, Rgs4, Adora1, Bcl2, Gabra4, Slc25a27, Ptpn3, Dbn1, Cacna1g, Shank3, Cacna1c, Kctd16, Kcna4, Cacnb2, Kcnk4, Rgs7bp, Gabrb2, Cx3cl1, Cacnb4"
"BP"	"Up"	"GO:0050803"	"regulation of synapse structure or activity"	25	"25/231"	"394/12591"	3.45853385193487	6.36412269073102e-08	9.96939819503015e-05	"Cttnbp2, Zfp804a, Lrrn3, Gria4, Fam107a, Farp1, Slitrk6, Il1rapl1, Adgrb1, Dbn1, Cdkl5, Lrrn1, Il1rap, Shank3, Rock1, Elmo1, Arhgap44, Cacna2d3, Lingo2, Epha4, Kalrn, Prmt8, Syndig1, Lrrtm2, LRRTM1"
"BP"	"Up"	"GO:0099505"	"regulation of presynaptic membrane potential"	9	"9/231"	"45/12591"	10.9012987012987	1.00542631836962e-07	0.0001050000218484	"Kcnj3, Grik1, Scn1a, Kcnc2, Gria4, Kcnj9, Kctd16, Kcna4, Gabrb2"
"BP"	"Up"	"GO:0007626"	"locomotory behavior"	19	"19/231"	"247/12591"	4.19280719280719	1.40010946141928e-07	0.000109663573565665	"Kcnj10, Npas2, Grm1, Scn1a, Npy1r, Fign, Slitrk6, Prex2, Dbn1, Shank3, Cacna1c, Ncor1, Adcy8, Elavl4, Epha4, Kalrn, Adra1b, LRRTM1, Cacnb4"
"BP"	"Up"	"GO:0050807"	"regulation of synapse organization"	24	"24/231"	"387/12591"	3.38024765931743	1.81750854585691e-07	0.000113885085483394	"Cttnbp2, Zfp804a, Lrrn3, Fam107a, Farp1, Slitrk6, Il1rapl1, Adgrb1, Dbn1, Cdkl5, Lrrn1, Il1rap, Shank3, Rock1, Elmo1, Arhgap44, Cacna2d3, Lingo2, Epha4, Kalrn, Prmt8, Syndig1, Lrrtm2, LRRTM1"
"BP"	"Up"	"GO:0021675"	"nerve development"	12	"12/231"	"103/12591"	6.35027108813517	3.83487576413971e-07	0.000200244429484162	"Kcnj10, Kcnq3, Scn1a, Kcnc2, Slitrk6, Col25a1, Unc13a, Cacna1c, Epha4, Prkcg, Adarb1, Gabrb2"
"BP"	"Up"	"GO:0051480"	"regulation of cytosolic calcium ion concentration"	10	"10/231"	"75/12591"	7.26753246753247	1.03846907459101e-06	0.000368940504548549	"Grm1, Npy1r, Trpc3, Adora1, Atp2b1, Grid2ip, Adcy8, Tspoap1, Cacnb2, Cacnb4"
"BP"	"Up"	"GO:0051965"	"positive regulation of synapse assembly"	10	"10/231"	"76/12591"	7.17190704032809	1.17680895081919e-06	0.000368940504548549	"Lrrn3, Slitrk6, Il1rapl1, Adgrb1, Lrrn1, Il1rap, Lingo2, Syndig1, Lrrtm2, LRRTM1"
"BP"	"Up"	"GO:0042310"	"vasoconstriction"	11	"11/231"	"96/12591"	6.24553571428571	1.39970138090461e-06	0.000368940504548549	"Npy1r, Adora1, Atp2b1, Chrm3, Cacna1g, Rap1gds1, Cacna1c, Adra2b, Adra1b, Cx3cl1, Ptger3"
"BP"	"Up"	"GO:0035296"	"regulation of tube diameter"	14	"14/231"	"160/12591"	4.76931818181818	1.42059336450291e-06	0.000368940504548549	"Npy1r, Agtr2, Adora1, Atp2b1, Chrm3, Cacna1g, Rock1, Rap1gds1, Cacna1c, Adra2b, Adra1b, Irag1, Cx3cl1, Ptger3"
"BP"	"Up"	"GO:0097746"	"blood vessel diameter maintenance"	14	"14/231"	"160/12591"	4.76931818181818	1.42059336450291e-06	0.000368940504548549	"Npy1r, Agtr2, Adora1, Atp2b1, Chrm3, Cacna1g, Rock1, Rap1gds1, Cacna1c, Adra2b, Adra1b, Irag1, Cx3cl1, Ptger3"
"BP"	"Up"	"GO:0035150"	"regulation of tube size"	14	"14/231"	"161/12591"	4.73969508752117	1.53087346285705e-06	0.000368940504548549	"Npy1r, Agtr2, Adora1, Atp2b1, Chrm3, Cacna1g, Rock1, Rap1gds1, Cacna1c, Adra2b, Adra1b, Irag1, Cx3cl1, Ptger3"
"BP"	"Up"	"GO:0060078"	"regulation of postsynaptic membrane potential"	14	"14/231"	"161/12591"	4.73969508752117	1.53087346285705e-06	0.000368940504548549	"Grik1, Grm1, Rgs7, Gria4, Rgs4, Adora1, Gabra4, Dbn1, Shank3, Cacna1c, Kctd16, Rgs7bp, Gabrb2, Cx3cl1"
"BP"	"Up"	"GO:0060384"	"innervation"	7	"7/231"	"33/12591"	11.5619834710744	1.81772428513749e-06	0.000406780727523982	"Slitrk6, Col25a1, Unc13a, Epha4, Prkcg, Adarb1, Gabrb2"
"BP"	"Up"	"GO:0006874"	"intracellular calcium ion homeostasis"	18	"18/231"	"271/12591"	3.62035750227632	2.55602117662922e-06	0.000533867623091957	"Grm1, Npy1r, Plcb4, Trpc3, Adora1, Atp2b1, Bcl2, Atp13a5, Inpp4b, Slc25a27, Rap1gds1, Cacna1c, Grid2ip, Adcy8, Tspoap1, Cacnb2, Cx3cl1, Cacnb4"
"BP"	"Up"	"GO:0043269"	"regulation of monoatomic ion transport"	24	"24/231"	"465/12591"	2.8132383745287	4.76502373766789e-06	0.000933051210632095	"Kcnj3, Kcnj10, Rapgef3, Rgs7, Plcb4, Kcnc2, Kcnj14, Kcnj9, Rgs4, Trpc3, Adora1, Atp2b1, Kcnip4, Bcl2, Ptpn3, Cacna1g, Inpp5k, Shank3, Cacna1c, Cacnb2, Cx3cl1, Ptger3, Cacnb4, Hrh3"
"BP"	"Up"	"GO:0006813"	"potassium ion transport"	16	"16/231"	"230/12591"	3.79175607001694	5.20034718769337e-06	0.000948249574117179	"Kcnj3, Kcnj10, Kcnq3, Rapgef3, Grik1, Rgs7, Plcb4, Kcnc2, Kcnj14, Kcnj9, Rgs4, Adora1, Kcnip4, Kcna4, Kcnk4, Ptger3"
"BP"	"Up"	"GO:0055074"	"calcium ion homeostasis"	18	"18/231"	"286/12591"	3.43047861229679	5.4479707418159e-06	0.000948249574117179	"Grm1, Npy1r, Plcb4, Trpc3, Adora1, Atp2b1, Bcl2, Atp13a5, Inpp4b, Slc25a27, Rap1gds1, Cacna1c, Grid2ip, Adcy8, Tspoap1, Cacnb2, Cx3cl1, Cacnb4"
"BP"	"Up"	"GO:0003018"	"vascular process in circulatory system"	15	"15/231"	"208/12591"	3.93075674325674	6.67306436262883e-06	0.00110035319200611	"Npy1r, Agtr2, Adora1, Atp2b1, Chrm3, Cacna1g, Rock1, Rap1gds1, Cacna1c, Adra2b, Capn1, Adra1b, Irag1, Cx3cl1, Ptger3"
"BP"	"Up"	"GO:0007215"	"glutamate receptor signaling pathway"	8	"8/231"	"57/12591"	7.65003417634997	8.65970092748324e-06	0.00135654215029025	"Grik1, Grm1, Gria4, Grm7, Unc13a, Shank3, Grm4, Cx3cl1"
"BP"	"Up"	"GO:0086010"	"membrane depolarization during action potential"	6	"6/231"	"28/12591"	11.6799628942486	9.60066781047624e-06	0.00143232820239153	"Cacna1i, Scn1a, Ptpn3, Cacna1g, Cacna1c, Cacnb2"
"BP"	"Up"	"GO:0099175"	"regulation of postsynapse organization"	14	"14/231"	"193/12591"	3.95383890720678	1.27335778883318e-05	0.00176997485838131	"Zfp804a, Fam107a, Il1rapl1, Dbn1, Cdkl5, Il1rap, Shank3, Elmo1, Arhgap44, Epha4, Kalrn, Syndig1, Lrrtm2, LRRTM1"
"BP"	"Up"	"GO:0034762"	"regulation of transmembrane transport"	23	"23/231"	"461/12591"	2.71941290813308	1.31750986723451e-05	0.00176997485838131	"Kcnj3, Kcnj10, Rapgef3, Rgs7, Kcnc2, Kcnj14, Kcnj9, Rgs4, Sorbs1, Trpc3, Kcnip4, Chrm3, Bcl2, Slc25a27, Ptpn3, Inpp5k, Shank3, Cacna1c, Prkcd, Cacnb2, Cx3cl1, Ptger3, Cacnb4"
"BP"	"Up"	"GO:1901890"	"positive regulation of cell junction assembly"	11	"11/231"	"121/12591"	4.95513577331759	1.35586966489472e-05	0.00176997485838131	"Lrrn3, Slitrk6, Il1rapl1, Adgrb1, Lrrn1, Il1rap, Rock1, Lingo2, Syndig1, Lrrtm2, LRRTM1"
"BP"	"Up"	"GO:1903522"	"regulation of blood circulation"	15	"15/231"	"225/12591"	3.63376623376623	1.71284554900671e-05	0.0021465380420152	"Hsp90aa1, Npy1r, Agtr2, Rgs4, Shox2, Adora1, Atp2b1, Chrm3, Cacna1g, Cacna1c, Adra2b, Adra1b, Cacnb2, Cx3cl1, Ptger3"
"BP"	"Up"	"GO:0071805"	"potassium ion transmembrane transport"	14	"14/231"	"199/12591"	3.83462768387392	1.80042486172041e-05	0.0021695119583731	"Kcnj3, Kcnj10, Kcnq3, Rapgef3, Grik1, Rgs7, Kcnc2, Kcnj14, Kcnj9, Rgs4, Kcnip4, Kcna4, Kcnk4, Ptger3"
"BP"	"Up"	"GO:0007015"	"actin filament organization"	21	"21/231"	"411/12591"	2.78500331785003	2.23929209143388e-05	0.00259840819350458	"Cit, Rapgef3, Fam107a, Pakap, Rgs4, Gas2, Ppm1e, Sorbs1, Bcl2, Mical2, Coro6, Dbn1, Inpp5k, Shank3, Elmo1, Prkcd, Capn1, Myo1b, Synpo2, Hip1, Cx3cl1"
"BP"	"Up"	"GO:0099173"	"postsynapse organization"	18	"18/231"	"319/12591"	3.07560151447299	2.40940160472739e-05	0.00269594829557532	"Cit, Zfp804a, Fam107a, Farp1, Sorbs1, Il1rapl1, Adgrb1, Dbn1, Cdkl5, Il1rap, Shank3, Elmo1, Arhgap44, Epha4, Kalrn, Syndig1, Lrrtm2, LRRTM1"
"BP"	"Up"	"GO:0051953"	"negative regulation of amine transport"	6	"6/231"	"35/12591"	9.34397031539889	3.71526754734508e-05	0.00401377007787315	"Agtr2, Rgs4, Adora1, Grm7, Ptger3, Hrh3"
"BP"	"Up"	"GO:0051962"	"positive regulation of nervous system development"	19	"19/231"	"362/12591"	2.86083805697065	3.87452457454853e-05	0.00404629516402019	"Lig4, Lrrn3, Shox2, Slitrk6, Il1rapl1, Adgrb1, Rnf112, Dbn1, Cdkl5, Lrrn1, Il1rap, Shank3, Lingo2, Epha4, Kalrn, Syndig1, Lrrtm2, LRRTM1, Cx3cl1"
"BP"	"Up"	"GO:0048813"	"dendrite morphogenesis"	13	"13/231"	"190/12591"	3.72939166097061	4.80731819567168e-05	0.00485849287323851	"Cit, Farp1, Il1rapl1, Prex2, Dbn1, Cdkl5, Dpysl5, Shank3, Arhgap44, Elavl4, Epha4, Hecw1, Kalrn"
"BP"	"Up"	"GO:0008015"	"blood circulation"	21	"21/231"	"436/12591"	2.62531276063386	5.31129272816913e-05	0.00508481227020227	"Hsp90aa1, Scn1a, Npy1r, Agtr2, Rgs4, Shox2, Adora1, Atp2b1, Chrm3, Cacna1g, Rock1, Rap1gds1, Cacna1c, Adra2b, Capn1, Adra1b, Irag1, Cacnb2, Cx3cl1, Ptger3, Hrh3"
"BP"	"Up"	"GO:0034765"	"regulation of monoatomic ion transmembrane transport"	18	"18/231"	"339/12591"	2.89415009768992	5.3558507793385e-05	0.00508481227020227	"Kcnj3, Kcnj10, Rapgef3, Rgs7, Kcnc2, Kcnj14, Kcnj9, Rgs4, Trpc3, Kcnip4, Bcl2, Ptpn3, Shank3, Cacna1c, Cacnb2, Cx3cl1, Ptger3, Cacnb4"
"BP"	"Up"	"GO:0051899"	"membrane depolarization"	9	"9/231"	"94/12591"	5.2187068250898	5.53581926020835e-05	0.00510109463006846	"Cacna1i, Kcnq3, Grik1, Grm1, Scn1a, Ptpn3, Cacna1g, Cacna1c, Cacnb2"
"BP"	"Up"	"GO:0003012"	"muscle system process"	19	"19/231"	"377/12591"	2.74701160908057	6.69504728973667e-05	0.00599302375964143	"Hsp90aa1, Scn1a, Npy1r, Agtr2, Rgs4, Trpc3, Adora1, Atp2b1, Chrm3, Dbn1, Cacna1g, Rock1, Rap1gds1, Cacna1c, Adra2b, Adra1b, Irag1, Cacnb2, Ptger3"
"BP"	"Up"	"GO:0019229"	"regulation of vasoconstriction"	8	"8/231"	"77/12591"	5.66301231236296	8.04905508466575e-05	0.00700491377229383	"Npy1r, Atp2b1, Chrm3, Cacna1c, Adra2b, Adra1b, Cx3cl1, Ptger3"
"BP"	"Up"	"GO:0030534"	"adult behavior"	12	"12/231"	"174/12591"	3.75906851768921	8.71032068275307e-05	0.00730242748121249	"Kcnj10, Grik1, Scn1a, Slitrk6, Prex2, Grm7, Shank3, Cacna1c, Epha4, Kalrn, Adra1b, Cacnb4"
"BP"	"Up"	"GO:0099174"	"regulation of presynapse organization"	6	"6/231"	"41/12591"	7.97656002534051	9.38854434911101e-05	0.00730242748121249	"Farp1, Slitrk6, Il1rapl1, Il1rap, Cacna2d3, LRRTM1"
"BP"	"Up"	"GO:0051963"	"regulation of synapse assembly"	13	"13/231"	"203/12591"	3.49056362356855	9.47064732963885e-05	0.00730242748121249	"Lrrn3, Fam107a, Farp1, Slitrk6, Il1rapl1, Adgrb1, Lrrn1, Il1rap, Elmo1, Lingo2, Syndig1, Lrrtm2, LRRTM1"
"BP"	"Up"	"GO:0032891"	"negative regulation of organic acid transport"	5	"5/231"	"26/12591"	10.482017982018	9.55632067442425e-05	0.00730242748121249	"Agtr2, Rgs4, Adora1, Grm7, Hrh3"
"BP"	"Up"	"GO:0060402"	"calcium ion transport into cytosol"	5	"5/231"	"26/12591"	10.482017982018	9.55632067442425e-05	0.00730242748121249	"Cacna1i, Trpc3, Bcl2, Cacna1g, Cacna1c"
"BP"	"Up"	"GO:0070588"	"calcium ion transmembrane transport"	16	"16/231"	"293/12591"	2.97646380922831	0.000101146683700526	0.00754506095318446	"Cacna1i, Rapgef3, Plcb4, Trpc3, Trpm6, Atp2b1, Bcl2, Cacna1g, Grm7, Cacna1c, Cacna2d3, Tspoap1, Cacnb2, Cx3cl1, Ptger3, Cacnb4"
"BP"	"Up"	"GO:0051952"	"regulation of amine transport"	9	"9/231"	"102/12591"	4.80939648586707	0.000105009288977441	0.00765102563642609	"Grik1, Grm1, Agtr2, Rgs4, Adora1, Grm7, Pcp4, Ptger3, Hrh3"
"BP"	"Up"	"GO:0006936"	"muscle contraction"	15	"15/231"	"264/12591"	3.09695985832349	0.000107580649307145	0.00766023123362013	"Hsp90aa1, Scn1a, Npy1r, Adora1, Atp2b1, Chrm3, Dbn1, Cacna1g, Rap1gds1, Cacna1c, Adra2b, Adra1b, Irag1, Cacnb2, Ptger3"
"BP"	"Up"	"GO:0014829"	"vascular associated smooth muscle contraction"	5	"5/231"	"27/12591"	10.0937950937951	0.000115541182430388	0.00797940143474442	"Atp2b1, Chrm3, Cacna1g, Rap1gds1, Adra2b"
"BP"	"Up"	"GO:0003013"	"circulatory system process"	21	"21/231"	"461/12591"	2.48294222046934	0.000117156867538539	0.00797940143474442	"Hsp90aa1, Scn1a, Npy1r, Agtr2, Rgs4, Shox2, Adora1, Atp2b1, Chrm3, Cacna1g, Rock1, Rap1gds1, Cacna1c, Adra2b, Capn1, Adra1b, Irag1, Cacnb2, Cx3cl1, Ptger3, Hrh3"
"BP"	"Up"	"GO:0007416"	"synapse assembly"	16	"16/231"	"298/12591"	2.92652314128824	0.00012314103477266	0.00820852897750522	"Lrrn3, Fam107a, Farp1, Slitrk6, Il1rapl1, Gabra4, Adgrb1, Lrrn1, Il1rap, Shank3, Elmo1, Lingo2, Syndig1, Lrrtm2, LRRTM1, Gabrb2"
"BP"	"Up"	"GO:0006835"	"dicarboxylic acid transport"	9	"9/231"	"105/12591"	4.67198515769944	0.000131381371256642	0.00831364603429562	"Slc13a5, Kcnj10, Grik1, Grm1, Adora1, Abcc5, Grm7, Prkcd, Hrh3"
"BP"	"Up"	"GO:0032970"	"regulation of actin filament-based process"	18	"18/231"	"364/12591"	2.69537605251891	0.000132596438684626	0.00831364603429562	"Cit, Arap2, Rapgef3, Fam107a, Rgs4, Ppm1e, Adora1, Dbn1, Inpp5k, Shank3, Rock1, Cacna1c, Arhgap44, Prkcd, Capn1, Synpo2, Cx3cl1, Ptger3"
"BP"	"Up"	"GO:0034329"	"cell junction assembly"	22	"22/231"	"500/12591"	2.39828571428571	0.000132678679130157	0.00831364603429562	"Cdh10, Mpdz, Lrrn3, Fam107a, Farp1, Sorbs1, Slitrk6, Il1rapl1, Bcl2, Gabra4, Adgrb1, Lrrn1, Il1rap, Shank3, Rock1, Elmo1, Lingo2, Cdh6, Syndig1, Lrrtm2, LRRTM1, Gabrb2"
"BP"	"Up"	"GO:0006939"	"smooth muscle contraction"	9	"9/231"	"106/12591"	4.62790982602303	0.000141316489967621	0.00868126594252073	"Npy1r, Atp2b1, Chrm3, Cacna1g, Rap1gds1, Cacna1c, Adra2b, Irag1, Ptger3"
"BP"	"Up"	"GO:0046856"	"phosphatidylinositol dephosphorylation"	5	"5/231"	"29/12591"	9.39767129422302	0.000164957345297309	0.00975115778898995	"Inpp5b, Inpp5j, Inpp4b, Inpp5k, Inpp5a"
"BP"	"Up"	"GO:0099509"	"regulation of presynaptic cytosolic calcium ion concentration"	5	"5/231"	"29/12591"	9.39767129422302	0.000164957345297309	0.00975115778898995	"Npy1r, Adora1, Tspoap1, Cacnb2, Cacnb4"
"BP"	"Up"	"GO:0098771"	"inorganic ion homeostasis"	20	"20/231"	"442/12591"	2.46635717223953	0.000186757188571103	0.010684253383211	"Kcnj10, Grm1, Npy1r, Plcb4, Agtr2, Trpc3, Adora1, Atp2b1, Bcl2, Atp13a5, Inpp4b, Slc25a27, Rap1gds1, Cacna1c, Grid2ip, Adcy8, Tspoap1, Cacnb2, Cx3cl1, Cacnb4"
"BP"	"Up"	"GO:0015837"	"amine transport"	9	"9/231"	"110/12591"	4.45962219598583	0.000187562699034983	0.010684253383211	"Grik1, Grm1, Agtr2, Rgs4, Adora1, Grm7, Pcp4, Ptger3, Hrh3"
"BP"	"Up"	"GO:0016311"	"dephosphorylation"	13	"13/231"	"218/12591"	3.25038722745145	0.000193103316389574	0.0108034408972953	"Ppm1j, Inpp5b, Ptpn4, Ppm1e, Adora1, Inpp5j, Bcl2, Inpp4b, Ptpn3, Inpp5k, Pdp1, Rock1, Inpp5a"
"BP"	"Up"	"GO:0006816"	"calcium ion transport"	18	"18/231"	"378/12591"	2.59554730983302	0.000211712957143258	0.0113680751243647	"Cacna1i, Rapgef3, Plcb4, Rgs4, Trpc3, Trpm6, Atp2b1, Bcl2, Cacna1g, Grm7, Inpp5k, Cacna1c, Cacna2d3, Tspoap1, Cacnb2, Cx3cl1, Ptger3, Cacnb4"
"BP"	"Up"	"GO:0048167"	"regulation of synaptic plasticity"	15	"15/231"	"281/12591"	2.90959929749965	0.000213581618461702	0.0113680751243647	"Kcnj10, Kcnq3, Grik1, Fam107a, Adora1, Adgrb1, Dbn1, Unc13a, Shank3, Grid2ip, Adcy8, Epha4, Prkcg, Lrrtm2, LRRTM1"
"BP"	"Up"	"GO:0030048"	"actin filament-based movement"	9	"9/231"	"112/12591"	4.37998608534323	0.000215035837020355	0.0113680751243647	"Scn1a, Adora1, Dbn1, Cacna1g, Rock1, Cacna1c, Myo1b, Cacnb2, Ptger3"
"BP"	"Up"	"GO:0051956"	"negative regulation of amino acid transport"	4	"4/231"	"17/12591"	12.8250572956455	0.000217709705541616	0.0113680751243647	"Rgs4, Adora1, Grm7, Hrh3"
"BP"	"Up"	"GO:0001508"	"action potential"	11	"11/231"	"165/12591"	3.63376623376623	0.000230700952959715	0.0118489522233244	"Cacna1i, Kcnq3, Scn1a, Kcnc2, Ptpn3, Cacna1g, Cacna1c, Kcna4, Cacnb2, Kcnk4, Cacnb4"
"BP"	"Up"	"GO:0006937"	"regulation of muscle contraction"	10	"10/231"	"139/12591"	3.92133046809306	0.000240133247913251	0.0119765400260155	"Hsp90aa1, Adora1, Atp2b1, Chrm3, Dbn1, Cacna1c, Adra2b, Adra1b, Irag1, Ptger3"
"BP"	"Up"	"GO:0010959"	"regulation of metal ion transport"	18	"18/231"	"382/12591"	2.5683688039709	0.000240830520791248	0.0119765400260155	"Rapgef3, Rgs7, Plcb4, Kcnc2, Rgs4, Trpc3, Adora1, Atp2b1, Kcnip4, Bcl2, Ptpn3, Cacna1g, Inpp5k, Cacna1c, Cacnb2, Cx3cl1, Ptger3, Cacnb4"
"BP"	"Up"	"GO:0070252"	"actin-mediated cell contraction"	8	"8/231"	"91/12591"	4.79177964892251	0.000260964424149048	0.0127750240759214	"Scn1a, Adora1, Dbn1, Cacna1g, Rock1, Cacna1c, Cacnb2, Ptger3"
"BP"	"Up"	"GO:0090257"	"regulation of muscle system process"	13	"13/231"	"226/12591"	3.13532927249741	0.000274790507240098	0.0130970434122641	"Hsp90aa1, Rgs4, Trpc3, Adora1, Atp2b1, Chrm3, Dbn1, Rock1, Cacna1c, Adra2b, Adra1b, Irag1, Ptger3"
"BP"	"Up"	"GO:0061548"	"ganglion development"	4	"4/231"	"18/12591"	12.1125541125541	0.000275903244560941	0.0130970434122641	"Kcnq3, Rapgef3, Rgs4, Unc5c"
"BP"	"Up"	"GO:0002027"	"regulation of heart rate"	8	"8/231"	"93/12591"	4.6887306242145	0.000303068920409877	0.0141718645917036	"Agtr2, Rgs4, Shox2, Chrm3, Cacna1g, Cacna1c, Adra1b, Cacnb2"
"BP"	"Up"	"GO:0035249"	"synaptic transmission, glutamatergic"	9	"9/231"	"119/12591"	4.12233984502892	0.000338886491870728	0.0156136967504558	"Grik1, Grm1, Gria4, Adora1, Grm7, Unc13a, Shank3, Grm4, Cacnb4"
"BP"	"Up"	"GO:0003015"	"heart process"	12	"12/231"	"204/12591"	3.20626432391138	0.000384545273460706	0.0174605846630781	"Hsp90aa1, Scn1a, Agtr2, Rgs4, Shox2, Adora1, Chrm3, Cacna1g, Rap1gds1, Cacna1c, Adra1b, Cacnb2"
"BP"	"Up"	"GO:0048814"	"regulation of dendrite morphogenesis"	8	"8/231"	"97/12591"	4.49538090775204	0.000403957702392734	0.0180799925942348	"Cit, Il1rapl1, Dbn1, Cdkl5, Dpysl5, Epha4, Hecw1, Kalrn"
"BP"	"Up"	"GO:0051955"	"regulation of amino acid transport"	6	"6/231"	"54/12591"	6.05627705627706	0.000442201020120196	0.0195128985357264	"Grik1, Grm1, Rgs4, Adora1, Grm7, Hrh3"
"BP"	"Up"	"GO:0008344"	"adult locomotory behavior"	8	"8/231"	"99/12591"	4.40456513183786	0.000463784533846145	0.01997225161616	"Kcnj10, Scn1a, Slitrk6, Prex2, Cacna1c, Epha4, Kalrn, Cacnb4"
"BP"	"Up"	"GO:0048741"	"skeletal muscle fiber development"	5	"5/231"	"36/12591"	7.57034632034632	0.0004717352759642	0.01997225161616	"Hdac5, Shox2, Bcl2, Myorg, Hdac9"
"BP"	"Up"	"GO:1905606"	"regulation of presynapse assembly"	5	"5/231"	"36/12591"	7.57034632034632	0.0004717352759642	0.01997225161616	"Farp1, Slitrk6, Il1rapl1, Il1rap, LRRTM1"
"BP"	"Up"	"GO:0030003"	"intracellular monoatomic cation homeostasis"	19	"19/231"	"441/12591"	2.34835232794416	0.00049795584942938	0.0208012756834966	"Grm1, Npy1r, Plcb4, Agtr2, Trpc3, Adora1, Atp2b1, Bcl2, Atp13a5, Inpp4b, Slc25a27, Rap1gds1, Cacna1c, Grid2ip, Adcy8, Tspoap1, Cacnb2, Cx3cl1, Cacnb4"
"BP"	"Up"	"GO:0007204"	"positive regulation of cytosolic calcium ion concentration"	9	"9/231"	"126/12591"	3.89332096474954	0.000516556291455544	0.0210278421781471	"Cacna1i, Trpc3, Bcl2, Cacna1g, Cacna1c, Adcy8, Adra1b, Ptger3, Hrh3"
"BP"	"Up"	"GO:0014051"	"gamma-aminobutyric acid secretion"	4	"4/231"	"21/12591"	10.3821892393321	0.000516803015549738	0.0210278421781471	"Grik1, Grm4, Cacnb4, Hrh3"
"BP"	"Up"	"GO:0006873"	"intracellular monoatomic ion homeostasis"	19	"19/231"	"448/12591"	2.31165932282004	0.00060316678100349	0.0239286301956918	"Grm1, Npy1r, Plcb4, Agtr2, Trpc3, Adora1, Atp2b1, Bcl2, Atp13a5, Inpp4b, Slc25a27, Rap1gds1, Cacna1c, Grid2ip, Adcy8, Tspoap1, Cacnb2, Cx3cl1, Cacnb4"
"BP"	"Up"	"GO:0019233"	"sensory perception of pain"	7	"7/231"	"79/12591"	4.82968929804373	0.000603371141225552	0.0239286301956918	"Grm1, Scn1a, Npy1r, Adora1, Mmp24, Aloxe3, Kcnk4"
"BP"	"Up"	"GO:0046058"	"cAMP metabolic process"	4	"4/231"	"22/12591"	9.91027154663518	0.000622621884365513	0.0243834295464644	"Adcy8, Ptger3, Cacnb4, Hrh3"
"BP"	"Up"	"GO:0086067"	"AV node cell to bundle of His cell communication"	3	"3/231"	"10/12591"	16.351948051948	0.000664977560827795	0.0251335510201905	"Cacna1g, Cacna1c, Cacnb2"
"BP"	"Up"	"GO:0099545"	"trans-synaptic signaling by trans-synaptic complex"	3	"3/231"	"10/12591"	16.351948051948	0.000664977560827795	0.0251335510201905	"Farp1, Il1rapl1, Il1rap"
"BP"	"Up"	"GO:0006865"	"amino acid transport"	10	"10/231"	"158/12591"	3.44977807003123	0.000665842558147401	0.0251335510201905	"Kcnj10, Grik1, Grm1, Rgs4, Adora1, Grm7, Prkcd, Grm4, Cacnb4, Hrh3"
"BP"	"Up"	"GO:0052652"	"cyclic purine nucleotide metabolic process"	5	"5/231"	"39/12591"	6.98801198801199	0.00068898338560912	0.0256974398465878	"Rora, Adcy8, Ptger3, Cacnb4, Hrh3"
"BP"	"Up"	"GO:0051966"	"regulation of synaptic transmission, glutamatergic"	7	"7/231"	"81/12591"	4.71043771043771	0.000701744974786927	0.0258654941883229	"Grik1, Grm1, Gria4, Adora1, Grm7, Shank3, Grm4"
"BP"	"Up"	"GO:0009187"	"cyclic nucleotide metabolic process"	5	"5/231"	"40/12591"	6.81331168831169	0.00077578363048731	0.0279371277507671	"Rora, Adcy8, Ptger3, Cacnb4, Hrh3"
"BP"	"Up"	"GO:0014904"	"myotube cell development"	5	"5/231"	"40/12591"	6.81331168831169	0.00077578363048731	0.0279371277507671	"Hdac5, Shox2, Bcl2, Myorg, Hdac9"
"BP"	"Up"	"GO:0051017"	"actin filament bundle assembly"	10	"10/231"	"162/12591"	3.36459836459836	0.000808270238506459	0.0287762574686447	"Rapgef3, Fam107a, Ppm1e, Sorbs1, Dbn1, Inpp5k, Shank3, Myo1b, Synpo2, Cx3cl1"
"BP"	"Up"	"GO:0032956"	"regulation of actin cytoskeleton organization"	15	"15/231"	"320/12591"	2.55499188311688	0.000836998152625476	0.0293050907278158	"Cit, Arap2, Rapgef3, Fam107a, Rgs4, Ppm1e, Dbn1, Inpp5k, Shank3, Rock1, Arhgap44, Prkcd, Capn1, Synpo2, Cx3cl1"
"BP"	"Up"	"GO:0051051"	"negative regulation of transport"	18	"18/231"	"425/12591"	2.3085103132162	0.000851965924619869	0.0293050907278158	"Npy1r, Plcb4, Tbc1d4, Agtr2, Rgs4, Pacsin2, Adora1, Bmp8a, Il1rapl1, Bcl2, Derl3, Grm7, Inpp5k, Kalrn, Lrrtm2, LRRTM1, Ptger3, Hrh3"
"BP"	"Up"	"GO:0051402"	"neuron apoptotic process"	16	"16/231"	"355/12591"	2.45663069325041	0.000859935926826282	0.0293050907278158	"Lig4, Hspa5, Cit, Kcnq3, Hyou1, Agtr2, Bcl2, Slc25a27, Grm7, Rock1, Epha4, Prkcg, Pcp4, Grm4, Adarb1, Cx3cl1"
"BP"	"Up"	"GO:0007188"	"adenylate cyclase-modulating G protein-coupled receptor signaling pathway"	11	"11/231"	"193/12591"	3.10658771280533	0.000869892575067626	0.0293050907278158	"Grm1, Adora1, Chrm3, Adgrb1, Grm7, Adra2b, Adcy8, Adra1b, Grm4, Ptger3, Hrh3"
"BP"	"Up"	"GO:0060047"	"heart contraction"	11	"11/231"	"193/12591"	3.10658771280533	0.000869892575067626	0.0293050907278158	"Hsp90aa1, Scn1a, Agtr2, Rgs4, Shox2, Adora1, Chrm3, Cacna1g, Cacna1c, Adra1b, Cacnb2"
"BP"	"Up"	"GO:0008016"	"regulation of heart contraction"	10	"10/231"	"164/12591"	3.32356667722521	0.000888369983406685	0.0296091825320547	"Hsp90aa1, Agtr2, Rgs4, Shox2, Adora1, Chrm3, Cacna1g, Cacna1c, Adra1b, Cacnb2"
"BP"	"Up"	"GO:0003056"	"regulation of vascular associated smooth muscle contraction"	3	"3/231"	"11/12591"	14.8654073199528	0.000901998486346307	0.0297469606076103	"Atp2b1, Chrm3, Adra2b"
"BP"	"Up"	"GO:0043279"	"response to alkaloid"	10	"10/231"	"165/12591"	3.30342384887839	0.000930800243435521	0.0299372852819351	"Hsp90aa1, Hspa5, Npy1r, Hdac5, Rgs4, Bcl2, Adcy8, Elavl4, Prkcg, Adra1b"
"BP"	"Up"	"GO:0061572"	"actin filament bundle organization"	10	"10/231"	"165/12591"	3.30342384887839	0.000930800243435521	0.0299372852819351	"Rapgef3, Fam107a, Ppm1e, Sorbs1, Dbn1, Inpp5k, Shank3, Myo1b, Synpo2, Cx3cl1"
"BP"	"Up"	"GO:0032890"	"regulation of organic acid transport"	7	"7/231"	"85/12591"	4.48877005347594	0.000936435990306301	0.0299372852819351	"Grik1, Grm1, Agtr2, Rgs4, Adora1, Grm7, Hrh3"
"BP"	"Up"	"GO:0046839"	"phospholipid dephosphorylation"	5	"5/231"	"42/12591"	6.48886827458256	0.000973548626554055	0.0308093721918571	"Inpp5b, Inpp5j, Inpp4b, Inpp5k, Inpp5a"
"BP"	"Up"	"GO:0050773"	"regulation of dendrite development"	9	"9/231"	"138/12591"	3.55477131564088	0.000994951049939133	0.031171816394593	"Cit, Il1rapl1, Dbn1, Cdkl5, Dpysl5, Elavl4, Epha4, Hecw1, Kalrn"
"BP"	"Up"	"GO:0099563"	"modification of synaptic structure"	6	"6/231"	"63/12591"	5.19109461966605	0.00101446592439845	0.0314685320904986	"Cttnbp2, Arhgap44, Epha4, Kalrn, Prmt8, Dlgap3"
"BP"	"Up"	"GO:0014048"	"regulation of glutamate secretion"	4	"4/231"	"25/12591"	8.72103896103896	0.00103126497206467	0.0316760113478295	"Grm1, Adora1, Grm7, Hrh3"
"BP"	"Up"	"GO:1901888"	"regulation of cell junction assembly"	14	"14/231"	"297/12591"	2.56932966023875	0.00117652810907746	0.0357870152013562	"Lrrn3, Fam107a, Farp1, Slitrk6, Il1rapl1, Adgrb1, Lrrn1, Il1rap, Rock1, Elmo1, Lingo2, Syndig1, Lrrtm2, LRRTM1"
"BP"	"Up"	"GO:1905874"	"regulation of postsynaptic density organization"	4	"4/231"	"26/12591"	8.38561438561439	0.00120139256575929	0.0361919510434986	"Dbn1, Il1rap, Lrrtm2, LRRTM1"
"BP"	"Up"	"GO:0043266"	"regulation of potassium ion transport"	8	"8/231"	"115/12591"	3.79175607001694	0.00124787501917372	0.0372342136673453	"Rapgef3, Rgs7, Plcb4, Kcnc2, Rgs4, Adora1, Kcnip4, Ptger3"
"BP"	"Up"	"GO:0060291"	"long-term synaptic potentiation"	9	"9/231"	"143/12591"	3.43047861229679	0.00127894716969538	0.0378013347420341	"Fam107a, Adora1, Unc13a, Shank3, Adcy8, Epha4, Prkcg, Lrrtm2, LRRTM1"
"BP"	"Up"	"GO:0099172"	"presynapse organization"	6	"6/231"	"66/12591"	4.95513577331759	0.00129616347525734	0.0379521511026284	"Farp1, Slitrk6, Il1rapl1, Il1rap, Cacna2d3, LRRTM1"
"BP"	"Up"	"GO:1990573"	"potassium ion import across plasma membrane"	5	"5/231"	"45/12591"	6.05627705627706	0.00133732246603572	0.0387947341304622	"Kcnj3, Kcnj10, Rapgef3, Kcnj14, Kcnj9"
"BP"	"Up"	"GO:0046717"	"acid secretion"	5	"5/231"	"46/12591"	5.92461885940147	0.00147831415990908	0.0424913602109647	"Grik1, Grm4, Ptger3, Cacnb4, Hrh3"
"BP"	"Up"	"GO:0097106"	"postsynaptic density organization"	6	"6/231"	"68/12591"	4.80939648586707	0.0015147595808538	0.0429470457776389	"Cit, Dbn1, Il1rap, Shank3, Lrrtm2, LRRTM1"
"BP"	"Up"	"GO:1900272"	"negative regulation of long-term synaptic potentiation"	3	"3/231"	"13/12591"	12.5784215784216	0.00152158381146439	0.0429470457776389	"Fam107a, Adora1, Epha4"
"BP"	"Up"	"GO:0051924"	"regulation of calcium ion transport"	12	"12/231"	"239/12591"	2.736727707439	0.00154145641620839	0.0431194906426864	"Rapgef3, Rgs4, Trpc3, Atp2b1, Bcl2, Cacna1g, Inpp5k, Cacna1c, Cacnb2, Cx3cl1, Ptger3, Cacnb4"
"BP"	"Up"	"GO:0007193"	"adenylate cyclase-inhibiting G protein-coupled receptor signaling pathway"	6	"6/231"	"69/12591"	4.73969508752117	0.00163405399791596	0.0441335446161268	"Grm1, Adora1, Chrm3, Grm7, Grm4, Hrh3"
"BP"	"Up"	"GO:0050805"	"negative regulation of synaptic transmission"	6	"6/231"	"69/12591"	4.73969508752117	0.00163405399791596	0.0441335446161268	"Grik1, Adora1, Shank3, Grid2ip, Adcy8, Grm4"
"BP"	"Up"	"GO:0051932"	"synaptic transmission, GABAergic"	6	"6/231"	"69/12591"	4.73969508752117	0.00163405399791596	0.0441335446161268	"Grik1, Grm1, Adora1, Gabra4, Grm4, Gabrb2"
"BP"	"Up"	"GO:1990776"	"response to angiotensin"	6	"6/231"	"69/12591"	4.73969508752117	0.00163405399791596	0.0441335446161268	"Agtr2, Rock1, Rap1gds1, Prkcd, Capn1, Prkcg"
"BP"	"Up"	"GO:0015812"	"gamma-aminobutyric acid transport"	4	"4/231"	"29/12591"	7.51813703537841	0.00182826939561975	0.0489569915938177	"Grik1, Grm4, Cacnb4, Hrh3"
"BP"	"Down"	"GO:0022612"	"gland morphogenesis"	12	"12/152"	"140/12591"	7.10018796992481	1.19792406894768e-07	0.000156124702486434	"Sulf1, Notch2, Gdf7, Tgfbr2, Igfbp5, Sema3c, Mdk, Tgfa, Ddr1, Sox9, Fgfr2, Sostdc1"
"BP"	"Down"	"GO:0030198"	"extracellular matrix organization"	16	"16/152"	"275/12591"	4.81952153110048	2.07468844040665e-07	0.000156124702486434	"Sulf1, Pbxip1, Tgfbi, Antxr1, Spint2, Col8a2, Col9a3, Aplp1, Loxl4, Adamtsl4, Ddr1, Gas6, Pmp22, Sox9, Col8a1, Mmp14"
"BP"	"Down"	"GO:0045229"	"external encapsulating structure organization"	16	"16/152"	"275/12591"	4.81952153110048	2.07468844040665e-07	0.000156124702486434	"Sulf1, Pbxip1, Tgfbi, Antxr1, Spint2, Col8a2, Col9a3, Aplp1, Loxl4, Adamtsl4, Ddr1, Gas6, Pmp22, Sox9, Col8a1, Mmp14"
"BP"	"Down"	"GO:0043062"	"extracellular structure organization"	16	"16/152"	"276/12591"	4.80205949656751	2.17975151813521e-07	0.000156124702486434	"Sulf1, Pbxip1, Tgfbi, Antxr1, Spint2, Col8a2, Col9a3, Aplp1, Loxl4, Adamtsl4, Ddr1, Gas6, Pmp22, Sox9, Col8a1, Mmp14"
"BP"	"Down"	"GO:0061138"	"morphogenesis of a branching epithelium"	13	"13/152"	"189/12591"	5.69768170426065	4.6079342505913e-07	0.000264034632558881	"Sulf1, Sox8, Spint2, Gdf7, Tgfbr2, Llgl2, Sema3c, Mdk, Ddr1, Sox9, Pxn, Fgfr2, Mmp14"
"BP"	"Down"	"GO:0002009"	"morphogenesis of an epithelium"	20	"20/152"	"476/12591"	3.48048429898275	1.12678289056346e-06	0.000530382974938189	"Sulf1, Notch2, Sox8, Spint2, Gdf7, Tgfbr2, Igfbp5, Llgl2, Sema3c, Folr1, Mdk, Ddr1, Frem2, Sox9, Pxn, Fgfr2, Sostdc1, Actb, Fmn1, Mmp14"
"BP"	"Down"	"GO:0001763"	"morphogenesis of a branching structure"	13	"13/152"	"207/12591"	5.20223112128146	1.29587463335683e-06	0.000530382974938189	"Sulf1, Sox8, Spint2, Gdf7, Tgfbr2, Llgl2, Sema3c, Mdk, Ddr1, Sox9, Pxn, Fgfr2, Mmp14"
"BP"	"Down"	"GO:0141091"	"transforming growth factor beta receptor superfamily signaling pathway"	15	"15/152"	"296/12591"	4.19774626600285	2.87548943474957e-06	0.00102978465381969	"Sulf1, Notch2, Gdf7, Tgfbr2, Itgb6, Wfikkn2, Prdm16, Msx1, Cdkn1c, Folr1, Pxn, Sostdc1, Tgif2, Hfe, Mir204"
"BP"	"Down"	"GO:0007178"	"cell surface receptor protein serine/threonine kinase signaling pathway"	15	"15/152"	"321/12591"	3.87081898671913	7.7091867130435e-06	0.00213530093489214	"Sulf1, Notch2, Gdf7, Tgfbr2, Itgb6, Wfikkn2, Prdm16, Msx1, Cdkn1c, Folr1, Pxn, Sostdc1, Tgif2, Hfe, Mir204"
"BP"	"Down"	"GO:0001501"	"skeletal system development"	18	"18/152"	"451/12591"	3.30607422102929	8.24317138783256e-06	0.00213530093489214	"Sulf1, Pbxip1, Notch2, Tgfbi, Tgfbr2, Npr3, Itgb6, Wfikkn2, Msx1, Frem1, Cdkn1c, Tsku, Mdk, Sox9, Fgfr2, Nab2, Fmn1, Mmp14"
"BP"	"Down"	"GO:0048709"	"oligodendrocyte differentiation"	10	"10/152"	"142/12591"	5.83348776871757	8.31579046593298e-06	0.00213530093489214	"Gstp1, Cnp, Sox8, Enpp2, Gsn, Mdk, Tp73, Sox9, Opalin, Tspan2"
"BP"	"Down"	"GO:0031589"	"cell-substrate adhesion"	15	"15/152"	"325/12591"	3.82317813765182	8.94366883724456e-06	0.00213530093489214	"Itgal, Antxr1, Olfm4, Enpp2, Itgb6, Itga2, Frem1, Mdk, Ddr1, Gas6, Pxn, Col8a1, Marcks, Fmn1, Mmp14"
"BP"	"Down"	"GO:0030879"	"mammary gland development"	10	"10/152"	"148/12591"	5.59699502133713	1.19863490452316e-05	0.00264160692419911	"Prlr, Tgfbr2, Igfbp5, Itga2, Msx1, Tgfa, Ddr1, Sox9, Fgfr2, Sostdc1"
"BP"	"Down"	"GO:0030111"	"regulation of Wnt signaling pathway"	14	"14/152"	"297/12591"	3.90470494417863	1.42576972718019e-05	0.00291773590597946	"Rnf213, Sulf1, Pbxip1, Tmem88b, Six3, Mdfic, Folr1, Tsku, Mdk, Sox9, Shisa2, Fgfr2, Sostdc1, Dact3"
"BP"	"Down"	"GO:0060349"	"bone morphogenesis"	8	"8/152"	"95/12591"	6.97562326869806	1.87670478710758e-05	0.00358450614337547	"Tgfbr2, Msx1, Frem1, Tsku, Sox9, Fgfr2, Nab2, Mmp14"
"BP"	"Down"	"GO:0090092"	"regulation of transmembrane receptor protein serine/threonine kinase signaling pathway"	12	"12/152"	"228/12591"	4.35976454293629	2.03216947008992e-05	0.00363885345737977	"Sulf1, Notch2, Gdf7, Tgfbr2, Wfikkn2, Prdm16, Msx1, Cdkn1c, Folr1, Sostdc1, Hfe, Mir204"
"BP"	"Down"	"GO:0042063"	"gliogenesis"	16	"16/152"	"394/12591"	3.36387924125033	2.19114091736516e-05	0.00369271689897128	"Gstp1, Cnp, Notch2, Sox8, Enpp2, Gsn, Mdk, Pmp22, Tp73, Sox9, Ifrd1, Nab2, Opalin, Mmp14, Tspan2, Matn2"
"BP"	"Down"	"GO:0001654"	"eye development"	16	"16/152"	"397/12591"	3.33845949887313	2.40395394635427e-05	0.00377453572291949	"Notch2, Sox8, Col8a2, Mfrp, Tgfbr2, Six3, Slc4a5, Stra6, Cdkn1c, Tsku, Frem2, Sox9, Col8a1, Fgfr2, Actb, Tgif2"
"BP"	"Down"	"GO:0043010"	"camera-type eye development"	15	"15/152"	"355/12591"	3.50009266123054	2.53565863834099e-05	0.00377453572291949	"Notch2, Sox8, Col8a2, Mfrp, Tgfbr2, Six3, Slc4a5, Stra6, Cdkn1c, Tsku, Sox9, Col8a1, Fgfr2, Actb, Tgif2"
"BP"	"Down"	"GO:0150063"	"visual system development"	16	"16/152"	"400/12591"	3.31342105263158	2.63492895142722e-05	0.00377453572291949	"Notch2, Sox8, Col8a2, Mfrp, Tgfbr2, Six3, Slc4a5, Stra6, Cdkn1c, Tsku, Frem2, Sox9, Col8a1, Fgfr2, Actb, Tgif2"
"BP"	"Down"	"GO:0048880"	"sensory system development"	16	"16/152"	"406/12591"	3.26445423904589	3.15675056293767e-05	0.00430670969657925	"Notch2, Sox8, Col8a2, Mfrp, Tgfbr2, Six3, Slc4a5, Stra6, Cdkn1c, Tsku, Frem2, Sox9, Col8a1, Fgfr2, Actb, Tgif2"
"BP"	"Down"	"GO:0060348"	"bone development"	11	"11/152"	"212/12591"	4.29806976166832	5.17352469362514e-05	0.00648966466791789	"Sulf1, Notch2, Tgfbr2, Itgb6, Msx1, Frem1, Tsku, Sox9, Fgfr2, Nab2, Mmp14"
"BP"	"Down"	"GO:0060562"	"epithelial tube morphogenesis"	14	"14/152"	"334/12591"	3.47214780964387	5.20985296202833e-05	0.00648966466791789	"Notch2, Sox8, Spint2, Gdf7, Tgfbr2, Folr1, Mdk, Ddr1, Sox9, Pxn, Fgfr2, Sostdc1, Fmn1, Mmp14"
"BP"	"Down"	"GO:0010001"	"glial cell differentiation"	13	"13/152"	"294/12591"	3.66279538131042	5.6614568048569e-05	0.00675836406079792	"Gstp1, Cnp, Notch2, Sox8, Enpp2, Gsn, Mdk, Pmp22, Tp73, Sox9, Nab2, Opalin, Tspan2"
"BP"	"Down"	"GO:0090596"	"sensory organ morphogenesis"	12	"12/152"	"267/12591"	3.72294500295683	9.43983723511992e-05	0.0104682968610661	"Fzd2, Notch2, Sox8, Col8a2, Mfrp, Six3, Msx1, Stra6, Tsku, Sox9, Col8a1, Fgfr2"
"BP"	"Down"	"GO:0030178"	"negative regulation of Wnt signaling pathway"	9	"9/152"	"153/12591"	4.87267801857585	9.7663806813465e-05	0.0104682968610661	"Rnf213, Tmem88b, Six3, Tsku, Mdk, Sox9, Shisa2, Sostdc1, Dact3"
"BP"	"Down"	"GO:0016055"	"Wnt signaling pathway"	15	"15/152"	"400/12591"	3.1063322368421	9.86541065440784e-05	0.0104682968610661	"Rnf213, Fzd2, Sulf1, Pbxip1, Tmem88b, Six3, Mdfic, Folr1, Tsku, Mdk, Sox9, Shisa2, Fgfr2, Sostdc1, Dact3"
"BP"	"Down"	"GO:0061448"	"connective tissue development"	12	"12/152"	"274/12591"	3.62783326930465	0.000120582702040404	0.0121323102648057	"Sulf1, Pbxip1, Sox8, Tgfbi, Gdf7, Pgrmc2, Tgfbr2, Dgat2, Msx1, Tsku, Mdk, Sox9"
"BP"	"Down"	"GO:0048592"	"eye morphogenesis"	9	"9/152"	"159/12591"	4.68880337636544	0.000131064103941482	0.0121323102648057	"Notch2, Sox8, Col8a2, Mfrp, Six3, Stra6, Tsku, Sox9, Col8a1"
"BP"	"Down"	"GO:0048754"	"branching morphogenesis of an epithelial tube"	9	"9/152"	"159/12591"	4.68880337636544	0.000131064103941482	0.0121323102648057	"Sox8, Gdf7, Tgfbr2, Mdk, Ddr1, Sox9, Pxn, Fgfr2, Mmp14"
"BP"	"Down"	"GO:0048705"	"skeletal system morphogenesis"	10	"10/152"	"196/12591"	4.22630236305048	0.000131274561329486	0.0121323102648057	"Sulf1, Tgfbr2, Msx1, Frem1, Tsku, Sox9, Fgfr2, Nab2, Fmn1, Mmp14"
"BP"	"Down"	"GO:0031099"	"regeneration"	12	"12/152"	"279/12591"	3.56281833616299	0.000142905782607886	0.0127945333491123	"Gstp1, Notch2, Ace, Tgfbr2, Gsn, Folr1, Mdk, Ddr1, Gas6, Ifrd1, Hfe, Matn2"
"BP"	"Down"	"GO:0048593"	"camera-type eye morphogenesis"	8	"8/152"	"131/12591"	5.05865809562073	0.000185342523493889	0.0159223645780652	"Notch2, Sox8, Col8a2, Six3, Stra6, Tsku, Sox9, Col8a1"
"BP"	"Down"	"GO:0090100"	"positive regulation of transmembrane receptor protein serine/threonine kinase signaling pathway"	7	"7/152"	"99/12591"	5.85705741626794	0.000191487884860698	0.0159223645780652	"Sulf1, Notch2, Gdf7, Tgfbr2, Msx1, Cdkn1c, Hfe"
"BP"	"Down"	"GO:0003149"	"membranous septum morphogenesis"	3	"3/152"	"10/12591"	24.8506578947368	0.000194514052437097	0.0159223645780652	"Fzd2, Tgfbr2, Fgfr2"
"BP"	"Down"	"GO:0060571"	"morphogenesis of an epithelial fold"	4	"4/152"	"25/12591"	13.2536842105263	0.000211958049173124	0.0160293496135074	"Sulf1, Gdf7, Fgfr2, Sostdc1"
"BP"	"Down"	"GO:0150105"	"protein localization to cell-cell junction"	4	"4/152"	"25/12591"	13.2536842105263	0.000211958049173124	0.0160293496135074	"Dsp, Tjp3, Cgnl1, Actb"
"BP"	"Down"	"GO:0060537"	"muscle tissue development"	15	"15/152"	"429/12591"	2.89634707397865	0.000212605684228022	0.0160293496135074	"Sox8, Crhr2, Ly6e, Dsp, Tgfbr2, Igfbp5, Stra6, Sema3c, Pmp22, Tp73, Sox9, Fgfr2, Ifrd1, Marcks, Mir204"
"BP"	"Down"	"GO:0002064"	"epithelial cell development"	10	"10/152"	"218/12591"	3.79979478512796	0.000310895851186353	0.0220989648406913	"Notch2, Sox8, Ezr, Spint2, Tjp3, Six3, Slc4a5, Adamtsl4, Sox9, Fgfr2"
"BP"	"Down"	"GO:0003416"	"endochondral bone growth"	4	"4/152"	"28/12591"	11.8336466165414	0.000333550869090899	0.0220989648406913	"Tgfbr2, Tsku, Sox9, Fgfr2"
"BP"	"Down"	"GO:0060669"	"embryonic placenta morphogenesis"	4	"4/152"	"28/12591"	11.8336466165414	0.000333550869090899	0.0220989648406913	"Spint2, Llgl2, Cdkn1c, Fgfr2"
"BP"	"Down"	"GO:1902105"	"regulation of leukocyte differentiation"	11	"11/152"	"263/12591"	3.46460376225735	0.000345269222910321	0.0220989648406913	"Notch2, Slc4a2, Tgfbr2, Itpkb, Prdm16, Cd74, Tob2, Mdk, Gas6, Mmp14, Klf10"
"BP"	"Down"	"GO:0060670"	"branching involved in labyrinthine layer morphogenesis"	3	"3/152"	"12/12591"	20.7088815789474	0.000350330936731652	0.0220989648406913	"Spint2, Llgl2, Fgfr2"
"BP"	"Down"	"GO:0060736"	"prostate gland growth"	3	"3/152"	"12/12591"	20.7088815789474	0.000350330936731652	0.0220989648406913	"Prlr, Sox9, Fgfr2"
"BP"	"Down"	"GO:0072077"	"renal vesicle morphogenesis"	3	"3/152"	"12/12591"	20.7088815789474	0.000350330936731652	0.0220989648406913	"Sox8, Sox9, Fmn1"
"BP"	"Down"	"GO:0031214"	"biomineral tissue development"	8	"8/152"	"145/12591"	4.57023593466425	0.00037024443712153	0.0220989648406913	"Slc4a2, Itgb6, Kl, Gas6, Sox9, Fgfr2, Tent5a, Klf10"
"BP"	"Down"	"GO:0035107"	"appendage morphogenesis"	8	"8/152"	"145/12591"	4.57023593466425	0.00037024443712153	0.0220989648406913	"Sulf1, Notch2, Msx1, Sema3c, Frem2, Sox9, Fgfr2, Fmn1"
"BP"	"Down"	"GO:0035108"	"limb morphogenesis"	8	"8/152"	"145/12591"	4.57023593466425	0.00037024443712153	0.0220989648406913	"Sulf1, Notch2, Msx1, Sema3c, Frem2, Sox9, Fgfr2, Fmn1"
"BP"	"Down"	"GO:0033273"	"response to vitamin"	8	"8/152"	"146/12591"	4.53893294881038	0.000387764633631779	0.0226723607215316	"Gstp1, Fzd2, Kl, Itga2, F5, Gsn, Folr1, Gas6"
"BP"	"Down"	"GO:0030901"	"midbrain development"	6	"6/152"	"81/12591"	6.1359649122807	0.000431938799009116	0.0244015161688921	"Cnp, Gdf7, Lmx1a, Msx1, Fgfr2, Actb"
"BP"	"Down"	"GO:0002063"	"chondrocyte development"	4	"4/152"	"30/12591"	11.0447368421053	0.000438154956231829	0.0244015161688921	"Sulf1, Tgfbr2, Tsku, Sox9"
"BP"	"Down"	"GO:0048762"	"mesenchymal cell differentiation"	10	"10/152"	"228/12591"	3.63313711911357	0.000443566727610192	0.0244015161688921	"Sox8, Tgfbr2, Msx1, Sema3c, Folr1, Mdk, Sox9, Fgfr2, Dact3, Mir204"
"BP"	"Down"	"GO:0010518"	"positive regulation of phospholipase activity"	3	"3/152"	"13/12591"	19.1158906882591	0.000451406756352978	0.0244015161688921	"Pla2g5, Fgfr2, Marcks"
"BP"	"Down"	"GO:0022600"	"digestive system process"	6	"6/152"	"83/12591"	5.98811033608117	0.000492530838079533	0.0258143039792166	"Ezr, Crhr2, Npr3, Mdk, Sox9, Cldn2"
"BP"	"Down"	"GO:1902107"	"positive regulation of leukocyte differentiation"	8	"8/152"	"152/12591"	4.35976454293629	0.000507622568932165	0.0258143039792166	"Notch2, Tgfbr2, Itpkb, Cd74, Mdk, Gas6, Mmp14, Klf10"
"BP"	"Down"	"GO:1903708"	"positive regulation of hemopoiesis"	8	"8/152"	"152/12591"	4.35976454293629	0.000507622568932165	0.0258143039792166	"Notch2, Tgfbr2, Itpkb, Cd74, Mdk, Gas6, Mmp14, Klf10"
"BP"	"Down"	"GO:0060688"	"regulation of morphogenesis of a branching structure"	5	"5/152"	"55/12591"	7.5305023923445	0.000513583011104832	0.0258143039792166	"Sulf1, Sox8, Mdk, Sox9, Fgfr2"
"BP"	"Down"	"GO:0042246"	"tissue regeneration"	6	"6/152"	"84/12591"	5.91682330827068	0.000525207672931469	0.025896186785224	"Notch2, Tgfbr2, Gsn, Mdk, Gas6, Ifrd1"
"BP"	"Down"	"GO:0007160"	"cell-matrix adhesion"	9	"9/152"	"193/12591"	3.86279656394873	0.000552444007183967	0.025896186785224	"Itgal, Enpp2, Itgb6, Itga2, Frem1, Ddr1, Pxn, Fmn1, Mmp14"
"BP"	"Down"	"GO:0060443"	"mammary gland morphogenesis"	5	"5/152"	"56/12591"	7.39602913533835	0.000558508362214773	0.025896186785224	"Tgfbr2, Igfbp5, Ddr1, Fgfr2, Sostdc1"
"BP"	"Down"	"GO:0098868"	"bone growth"	4	"4/152"	"32/12591"	10.3544407894737	0.00056426509797945	0.025896186785224	"Tgfbr2, Tsku, Sox9, Fgfr2"
"BP"	"Down"	"GO:0003413"	"chondrocyte differentiation involved in endochondral bone morphogenesis"	3	"3/152"	"14/12591"	17.750469924812	0.000569444945015397	0.025896186785224	"Tgfbr2, Tsku, Sox9"
"BP"	"Down"	"GO:0072087"	"renal vesicle development"	3	"3/152"	"14/12591"	17.750469924812	0.000569444945015397	0.025896186785224	"Sox8, Sox9, Fmn1"
"BP"	"Down"	"GO:0003206"	"cardiac chamber morphogenesis"	7	"7/152"	"120/12591"	4.83207236842105	0.000619978608719317	0.027465934850845	"Fzd2, Notch2, Ly6e, Dsp, Tgfbr2, Sema3c, Fgfr2"
"BP"	"Down"	"GO:0048608"	"reproductive structure development"	12	"12/152"	"328/12591"	3.03056803594352	0.000623136392776588	0.027465934850845	"Sulf1, Sox8, Ace, Gdf7, Col9a3, Prlr, Six3, Stra6, Cdkn1c, Sox9, Fgfr2, Mmp14"
"BP"	"Down"	"GO:0060021"	"roof of mouth development"	6	"6/152"	"87/12591"	5.71279491833031	0.000633445294555127	0.0274972843772794	"Fzd2, Tgfbr2, Itgb6, Wfikkn2, Prdm16, Msx1"
"BP"	"Down"	"GO:0035270"	"endocrine system development"	7	"7/152"	"121/12591"	4.79213788603741	0.000651496396745372	0.0278587638309775	"Ly6e, Six3, Msx1, Stra6, Cdkn1c, Mdk, Sox9"
"BP"	"Down"	"GO:0007586"	"digestion"	6	"6/152"	"88/12591"	5.64787679425837	0.000673122339033492	0.0279746056716394	"Ezr, Crhr2, Npr3, Mdk, Sox9, Cldn2"
"BP"	"Down"	"GO:0061458"	"reproductive system development"	12	"12/152"	"331/12591"	3.00310065193195	0.000675176643915986	0.0279746056716394	"Sulf1, Sox8, Ace, Gdf7, Col9a3, Prlr, Six3, Stra6, Cdkn1c, Sox9, Fgfr2, Mmp14"
"BP"	"Down"	"GO:0003007"	"heart morphogenesis"	10	"10/152"	"241/12591"	3.43715876829002	0.000683498218853318	0.0279746056716394	"Fzd2, Notch2, Ly6e, Dsp, Tgfbr2, Msx1, Sema3c, Folr1, Sox9, Fgfr2"
"BP"	"Down"	"GO:0016331"	"morphogenesis of embryonic epithelium"	8	"8/152"	"160/12591"	4.14177631578947	0.000712474379883697	0.0280304455167317	"Sulf1, Sox8, Spint2, Gdf7, Llgl2, Folr1, Sox9, Fgfr2"
"BP"	"Down"	"GO:0030325"	"adrenal gland development"	4	"4/152"	"34/12591"	9.7453560371517	0.000714213795016202	0.0280304455167317	"Ly6e, Stra6, Cdkn1c, Mdk"
"BP"	"Down"	"GO:0086091"	"regulation of heart rate by cardiac conduction"	4	"4/152"	"34/12591"	9.7453560371517	0.000714213795016202	0.0280304455167317	"Ace, Dsp, Kcne2, Kcnj2"
"BP"	"Down"	"GO:0001503"	"ossification"	13	"13/152"	"382/12591"	2.81901005786718	0.000730370710919176	0.0282771903619384	"Sox8, Igfbp5, Kl, Tob2, Mdk, Sox9, Fgfr2, Nab2, Tent5a, Mmp14, Jund, Klf10, Mir204"
"BP"	"Down"	"GO:0097028"	"dendritic cell differentiation"	4	"4/152"	"35/12591"	9.46691729323308	0.000798863378536401	0.0301789203088104	"Notch2, Tgfbr2, Itgb6, Gas6"
"BP"	"Down"	"GO:0048562"	"embryonic organ morphogenesis"	10	"10/152"	"246/12591"	3.36729781771502	0.000800557746411725	0.0301789203088104	"Fzd2, Notch2, Tgfbr2, Six3, Msx1, Stra6, Folr1, Sox9, Fgfr2, Mmp14"
"BP"	"Down"	"GO:0003231"	"cardiac ventricle development"	7	"7/152"	"126/12591"	4.60197368421053	0.00082868871499478	0.0308336775124681	"Fzd2, Ly6e, Dsp, Tgfbr2, Stra6, Sema3c, Fgfr2"
"BP"	"Down"	"GO:0003208"	"cardiac ventricle morphogenesis"	5	"5/152"	"62/12591"	6.6802843803056	0.000892869628861892	0.0322753897978216	"Ly6e, Dsp, Tgfbr2, Sema3c, Fgfr2"
"BP"	"Down"	"GO:0060350"	"endochondral bone morphogenesis"	5	"5/152"	"62/12591"	6.6802843803056	0.000892869628861892	0.0322753897978216	"Tgfbr2, Tsku, Sox9, Nab2, Mmp14"
"BP"	"Down"	"GO:0007044"	"cell-substrate junction assembly"	6	"6/152"	"93/12591"	5.34422750424448	0.000901232524895542	0.0322753897978216	"Lama3, Enpp2, Itga2, Pxn, Fmn1, Mmp14"
"BP"	"Down"	"GO:0048286"	"lung alveolus development"	5	"5/152"	"64/12591"	6.47152549342105	0.00103192197058471	0.0357572089752417	"Ace, Itgb6, Igfbp5, Stra6, Fgfr2"
"BP"	"Down"	"GO:0043011"	"myeloid dendritic cell differentiation"	3	"3/152"	"17/12591"	14.6180340557276	0.0010358982006789	0.0357572089752417	"Notch2, Tgfbr2, Itgb6"
"BP"	"Down"	"GO:0060572"	"morphogenesis of an epithelial bud"	3	"3/152"	"17/12591"	14.6180340557276	0.0010358982006789	0.0357572089752417	"Sulf1, Fgfr2, Sostdc1"
"BP"	"Down"	"GO:0003205"	"cardiac chamber development"	8	"8/152"	"171/12591"	3.87534626038781	0.00109795202665939	0.0374480066235612	"Fzd2, Notch2, Ly6e, Dsp, Tgfbr2, Stra6, Sema3c, Fgfr2"
"BP"	"Down"	"GO:0045621"	"positive regulation of lymphocyte differentiation"	6	"6/152"	"98/12591"	5.07156283566058	0.00118474547390837	0.039932891561735	"Tgfbr2, Itpkb, Cd74, Mdk, Gas6, Mmp14"
"BP"	"Down"	"GO:0048736"	"appendage development"	8	"8/152"	"174/12591"	3.80852994555354	0.00122779408686875	0.0401141103836044	"Sulf1, Notch2, Msx1, Sema3c, Frem2, Sox9, Fgfr2, Fmn1"
"BP"	"Down"	"GO:0060173"	"limb development"	8	"8/152"	"174/12591"	3.80852994555354	0.00122779408686875	0.0401141103836044	"Sulf1, Notch2, Msx1, Sema3c, Frem2, Sox9, Fgfr2, Fmn1"
"BP"	"Down"	"GO:0097094"	"craniofacial suture morphogenesis"	3	"3/152"	"18/12591"	13.8059210526316	0.00123212625262031	0.0401141103836044	"Frem1, Fgfr2, Mmp14"
"BP"	"Down"	"GO:0150115"	"cell-substrate junction organization"	6	"6/152"	"99/12591"	5.02033492822967	0.00124882660868564	0.040200991391959	"Lama3, Enpp2, Itga2, Pxn, Fmn1, Mmp14"
"BP"	"Down"	"GO:0060541"	"respiratory system development"	10	"10/152"	"262/12591"	3.16166130976296	0.00129115657989049	0.0411018177931805	"Ace, Tgfbr2, Itgb6, Igfbp5, Msx1, Stra6, Tp73, Sox9, Fgfr2, Mmp14"
"BP"	"Down"	"GO:1905314"	"semi-lunar valve development"	4	"4/152"	"40/12591"	8.28355263157895	0.00133071000280189	0.0411387526019975	"Notch2, Tgfbr2, Stra6, Sox9"
"BP"	"Down"	"GO:0002573"	"myeloid leukocyte differentiation"	9	"9/152"	"219/12591"	3.40419971160779	0.00135300368707272	0.0411387526019975	"Notch2, Slc4a2, Tgfbr2, Itgb6, Prdm16, Cd74, Tob2, Tspan2, Klf10"
"BP"	"Down"	"GO:0003013"	"circulatory system process"	14	"14/152"	"461/12591"	2.51561251284393	0.00137721765718029	0.0411387526019975	"Slc16a2, Ace, Crhr2, Dsp, Kcne2, Npr3, Tjp3, Sod3, Slc4a5, Kl, F5, Gsn, Kcnj2, Gas6"
"BP"	"Down"	"GO:0055123"	"digestive system development"	7	"7/152"	"138/12591"	4.20180205949657	0.00141059063343038	0.0411387526019975	"Slc4a2, Tgfbr2, Stra6, Cdkn1c, Tp73, Sox9, Fgfr2"
"BP"	"Down"	"GO:0007369"	"gastrulation"	8	"8/152"	"178/12591"	3.72294500295683	0.0014196691396342	0.0411387526019975	"Lama3, Tgfbr2, Itga2, Col8a1, Fgfr2, Il1rn, Tgif2, Mmp14"
"BP"	"Down"	"GO:0071560"	"cellular response to transforming growth factor beta stimulus"	10	"10/152"	"266/12591"	3.11411753066878	0.00144603859606561	0.0411387526019975	"Tgfbr2, Itgb6, Wfikkn2, Prdm16, Cdkn1c, Folr1, Sox9, Pxn, Fgfr2, Mir204"
"BP"	"Down"	"GO:0060411"	"cardiac septum morphogenesis"	5	"5/152"	"69/12591"	6.00257437070938	0.00144946681039745	0.0411387526019975	"Fzd2, Notch2, Tgfbr2, Sema3c, Fgfr2"
"BP"	"Down"	"GO:0010517"	"regulation of phospholipase activity"	3	"3/152"	"19/12591"	13.0792936288089	0.00145026667113499	0.0411387526019975	"Pla2g5, Fgfr2, Marcks"
"BP"	"Down"	"GO:0060749"	"mammary gland alveolus development"	3	"3/152"	"19/12591"	13.0792936288089	0.00145026667113499	0.0411387526019975	"Prlr, Tgfa, Ddr1"
"BP"	"Down"	"GO:0061377"	"mammary gland lobule development"	3	"3/152"	"19/12591"	13.0792936288089	0.00145026667113499	0.0411387526019975	"Prlr, Tgfa, Ddr1"
"BP"	"Down"	"GO:0072273"	"metanephric nephron morphogenesis"	3	"3/152"	"19/12591"	13.0792936288089	0.00145026667113499	0.0411387526019975	"Sox8, Sox9, Fmn1"
"BP"	"Down"	"GO:0007584"	"response to nutrient"	10	"10/152"	"267/12591"	3.10245416913069	0.00148703359018585	0.0417681493713968	"Gstp1, Fzd2, Tgfbr2, Dgat2, Kl, Itga2, F5, Gsn, Folr1, Gas6"
"BP"	"Down"	"GO:0071772"	"response to BMP"	7	"7/152"	"141/12591"	4.11240201567749	0.00159673061128569	0.0439868577051298	"Sulf1, Notch2, Spint2, Gdf7, Msx1, Sostdc1, Hfe"
"BP"	"Down"	"GO:0071773"	"cellular response to BMP stimulus"	7	"7/152"	"141/12591"	4.11240201567749	0.00159673061128569	0.0439868577051298	"Sulf1, Notch2, Spint2, Gdf7, Msx1, Sostdc1, Hfe"
"BP"	"Down"	"GO:0048771"	"tissue remodeling"	8	"8/152"	"182/12591"	3.64112203585888	0.00163466751774465	0.0446030708413183	"Notch2, Slc4a2, Npr3, Igfbp5, Sema3c, Mdk, Gas6, Mmp14"
"BP"	"Down"	"GO:0071559"	"response to transforming growth factor beta"	10	"10/152"	"271/12591"	3.05666148766751	0.00166058646754803	0.0448828323540105	"Tgfbr2, Itgb6, Wfikkn2, Prdm16, Cdkn1c, Folr1, Sox9, Pxn, Fgfr2, Mir204"
"BP"	"Down"	"GO:0060193"	"positive regulation of lipase activity"	3	"3/152"	"20/12591"	12.4253289473684	0.00169118116817298	0.045268299830322	"Pla2g5, Fgfr2, Marcks"
"BP"	"Down"	"GO:0050878"	"regulation of body fluid levels"	10	"10/152"	"272/12591"	3.04542376160991	0.00170644899883936	0.045268299830322	"Prlr, Npr3, Slc4a5, F5, Tspan18, Tfpi, Ddr1, Gas6, Tp73, Actb"
"BP"	"Down"	"GO:0030856"	"regulation of epithelial cell differentiation"	7	"7/152"	"143/12591"	4.05488590357011	0.00173108829745341	0.0454728608397324	"Prlr, Msx1, Cdkn1c, Tp73, Sox9, Pkp1, Mir204"
"BP"	"Down"	"GO:0061180"	"mammary gland epithelium development"	5	"5/152"	"72/12591"	5.75246710526316	0.00175314126321159	0.0454728608397324	"Prlr, Msx1, Ddr1, Fgfr2, Sostdc1"
"BP"	"Down"	"GO:0048568"	"embryonic organ development"	13	"13/152"	"421/12591"	2.55786660832604	0.00176177576028283	0.0454728608397324	"Fzd2, Notch2, Spint2, Tgfbr2, Six3, Llgl2, Msx1, Stra6, Cdkn1c, Folr1, Sox9, Fgfr2, Mmp14"
"BP"	"Down"	"GO:0060485"	"mesenchyme development"	10	"10/152"	"274/12591"	3.02319439108721	0.00180125890251484	0.0459063013711877	"Sox8, Tgfbr2, Msx1, Sema3c, Folr1, Mdk, Sox9, Fgfr2, Dact3, Mir204"
"BP"	"Down"	"GO:0015711"	"organic anion transport"	12	"12/152"	"372/12591"	2.67211375212224	0.00183819102038089	0.0459063013711877	"Gltp, Slc16a8, Slc16a2, Ace, Slc4a2, Slc22a8, Slc4a5, Llgl2, Folr1, Pla2g5, Il1rn, Cldn2"
"BP"	"Down"	"GO:0043588"	"skin development"	9	"9/152"	"229/12591"	3.25554470236727	0.0018403804845262	0.0459063013711877	"Dsp, Itgb6, Igfbp5, Itga2, Ddr1, Sox9, Fgfr2, Sostdc1, Pkp1"
"BP"	"Down"	"GO:0003151"	"outflow tract morphogenesis"	5	"5/152"	"73/12591"	5.67366618601298	0.00186401901803515	0.0459063013711877	"Fzd2, Tgfbr2, Sema3c, Folr1, Fgfr2"
"BP"	"Down"	"GO:0007179"	"transforming growth factor beta receptor signaling pathway"	8	"8/152"	"186/12591"	3.56281833616299	0.00187470759526316	0.0459063013711877	"Tgfbr2, Itgb6, Wfikkn2, Prdm16, Cdkn1c, Folr1, Pxn, Mir204"
"BP"	"Down"	"GO:0035265"	"organ growth"	8	"8/152"	"186/12591"	3.56281833616299	0.00187470759526316	0.0459063013711877	"Wwc2, Ly6e, Prlr, Tgfbr2, Tsku, Tp73, Sox9, Fgfr2"
"BP"	"Down"	"GO:0051216"	"cartilage development"	8	"8/152"	"187/12591"	3.54376583169153	0.00193886232849989	0.0466342455390246	"Sulf1, Pbxip1, Tgfbi, Tgfbr2, Msx1, Tsku, Mdk, Sox9"
"BP"	"Down"	"GO:0003417"	"growth plate cartilage development"	3	"3/152"	"21/12591"	11.8336466165414	0.00195569118524986	0.0466342455390246	"Tgfbr2, Tsku, Sox9"
"BP"	"Down"	"GO:0045662"	"negative regulation of myoblast differentiation"	3	"3/152"	"21/12591"	11.8336466165414	0.00195569118524986	0.0466342455390246	"Sox8, Sox9, Sostdc1"
"BP"	"Down"	"GO:0001525"	"angiogenesis"	14	"14/152"	"479/12591"	2.42108010108779	0.0019695440524335	0.0466342455390246	"Rnf213, Sulf1, Notch2, Tgfbi, Ace, Crhr2, Tgfbr2, Npr3, Tspan18, Mdk, Tgfa, Pxn, Fgfr2, Mmp14"
"BP"	"Down"	"GO:0090287"	"regulation of cellular response to growth factor stimulus"	10	"10/152"	"279/12591"	2.96901528013582	0.00205707092430978	0.0482367935726218	"Sulf1, Notch2, Wfikkn2, Prdm16, Msx1, Cdkn1c, Folr1, Shisa2, Sostdc1, Mir204"
"BP"	"Down"	"GO:0030324"	"lung development"	9	"9/152"	"233/12591"	3.19965552292749	0.00207089899107591	0.0482367935726218	"Ace, Tgfbr2, Itgb6, Igfbp5, Stra6, Tp73, Sox9, Fgfr2, Mmp14"
"BP"	"Down"	"GO:0003279"	"cardiac septum development"	6	"6/152"	"110/12591"	4.5183014354067	0.00214237579238977	0.0490192742075802	"Fzd2, Notch2, Tgfbr2, Stra6, Sema3c, Fgfr2"
"BP"	"Down"	"GO:1903706"	"regulation of hemopoiesis"	11	"11/152"	"329/12591"	2.76957686770117	0.00214844600723623	0.0490192742075802	"Notch2, Slc4a2, Tgfbr2, Itpkb, Prdm16, Cd74, Tob2, Mdk, Gas6, Mmp14, Klf10"
"BP"	"Down"	"GO:0002062"	"chondrocyte differentiation"	6	"6/152"	"111/12591"	4.4775960170697	0.00224266326509731	0.0490192742075802	"Sulf1, Tgfbi, Tgfbr2, Tsku, Mdk, Sox9"
"BP"	"Down"	"GO:0001773"	"myeloid dendritic cell activation"	3	"3/152"	"22/12591"	11.2957535885167	0.00224457891863489	0.0490192742075802	"Notch2, Tgfbr2, Itgb6"
"BP"	"Down"	"GO:0003148"	"outflow tract septum morphogenesis"	3	"3/152"	"22/12591"	11.2957535885167	0.00224457891863489	0.0490192742075802	"Tgfbr2, Sema3c, Fgfr2"
"BP"	"Down"	"GO:0035988"	"chondrocyte proliferation"	3	"3/152"	"22/12591"	11.2957535885167	0.00224457891863489	0.0490192742075802	"Pbxip1, Sox9, Mmp14"
"BP"	"Down"	"GO:0046597"	"negative regulation of viral entry into host cell"	3	"3/152"	"22/12591"	11.2957535885167	0.00224457891863489	0.0490192742075802	"Ly6e, Cd74, Gsn"
"BP"	"Down"	"GO:0062009"	"secondary palate development"	3	"3/152"	"22/12591"	11.2957535885167	0.00224457891863489	0.0490192742075802	"Fzd2, Tgfbr2, Itgb6"
"BP"	"Down"	"GO:0030323"	"respiratory tube development"	9	"9/152"	"236/12591"	3.15898193577163	0.00225847964935448	0.0490192742075802	"Ace, Tgfbr2, Itgb6, Igfbp5, Stra6, Tp73, Sox9, Fgfr2, Mmp14"
"CC"	"Up"	"GO:0042734"	"presynaptic membrane"	26	"26/234"	"262/12950"	5.49194232400339	1.47121915562671e-12	4.59020376555534e-10	"Cdh10, Kcnj3, Grik1, Grm1, Scn1a, Rgs7, Npy1r, Kcnc2, Gria4, Kcnj9, Adora1, Atp2b1, Chrm3, Ntng1, Grm7, Unc13a, Cacna1c, Kctd16, Kcna4, Cacna2d3, Adcy8, Epha4, Hip1, Grm4, Rgs7bp, Gabrb2"
"CC"	"Up"	"GO:0032279"	"asymmetric synapse"	32	"32/234"	"490/12950"	3.61416361416361	2.57081524911357e-10	4.01047178861718e-08	"Cit, Mpdz, Grik1, Grm1, Plcb4, Gria4, Lrrc7, Adora1, Chrm3, Il1rapl1, Adgrb1, Rnf112, Dbn1, Cdkl5, Grm7, Shank3, Cacna1c, Arhgap44, Kcna4, Grid2ip, Capn1, Adcy8, Epha4, Prkcg, Plekha5, Kalrn, Syndig1, Grm4, Lrrtm2, Rgs7bp, Neto2, Dlgap3"
"CC"	"Up"	"GO:0045211"	"postsynaptic membrane"	28	"28/234"	"388/12950"	3.99374394219755	3.95595544308635e-10	4.11419366080981e-08	"Cdh10, Grik1, Grm1, Rgs7, Kcnc2, Gria4, Farp1, Lrrc7, Adora1, Chrm3, Il1rapl1, Gabra4, Adgrb1, Dbn1, Grm7, Shank3, Cacna1c, Kctd16, Kcna4, Epha4, Syndig1, Hip1, Lrrtm2, Rgs7bp, LRRTM1, Gabrb2, Pcdh10, Neto2"
"CC"	"Up"	"GO:0014069"	"postsynaptic density"	28	"28/234"	"466/12950"	3.32526319650783	2.30367058229341e-08	1.79686305418886e-06	"Cit, Mpdz, Grik1, Grm1, Plcb4, Gria4, Lrrc7, Chrm3, Il1rapl1, Adgrb1, Rnf112, Dbn1, Cdkl5, Shank3, Cacna1c, Arhgap44, Grid2ip, Capn1, Adcy8, Epha4, Prkcg, Plekha5, Kalrn, Syndig1, Lrrtm2, Rgs7bp, Neto2, Dlgap3"
"CC"	"Up"	"GO:0043198"	"dendritic shaft"	11	"11/234"	"70/12950"	8.6965811965812	4.49105293534708e-08	2.80241703165658e-06	"Hspa5, Zfp804a, Inpp5j, Dbn1, Grm7, Cacna1c, Kcna4, Epha4, Syndig1, Grm4, Rgs7bp"
"CC"	"Up"	"GO:0034702"	"monoatomic ion channel complex"	21	"21/234"	"290/12950"	4.00751547303271	6.61162838754771e-08	3.43804676152481e-06	"Cacna1i, Kcnj3, Kcnj10, Kcnq3, Grik1, Scn1a, Kcnc2, Gria4, Kcnj14, Kcnj9, Trpc3, Kcnip4, Gabra4, Cacna1g, Cacna1c, Kcna4, Cacna2d3, Cacnb2, Kcnk4, Gabrb2, Cacnb4"
"CC"	"Up"	"GO:0034703"	"cation channel complex"	16	"16/234"	"172/12950"	5.14808189226794	8.67684973645294e-08	3.86739588253331e-06	"Cacna1i, Kcnj3, Kcnq3, Grik1, Scn1a, Kcnc2, Gria4, Trpc3, Kcnip4, Cacna1g, Cacna1c, Kcna4, Cacna2d3, Cacnb2, Kcnk4, Cacnb4"
"CC"	"Up"	"GO:0043197"	"dendritic spine"	18	"18/234"	"229/12950"	4.35001679543164	1.76413469011545e-07	6.88012529145024e-06	"Cttnbp2, Zfp804a, Grm1, Gria4, Farp1, Lrrc7, Adora1, Atp2b1, Adgrb1, Dbn1, Shank3, Arhgap44, Kcna4, Epha4, Syndig1, Rgs7bp, Gabrb2, Dlgap3"
"CC"	"Up"	"GO:0044309"	"neuron spine"	18	"18/234"	"233/12950"	4.27533839551007	2.28730326228315e-07	7.92931797591491e-06	"Cttnbp2, Zfp804a, Grm1, Gria4, Farp1, Lrrc7, Adora1, Atp2b1, Adgrb1, Dbn1, Shank3, Arhgap44, Kcna4, Epha4, Syndig1, Rgs7bp, Gabrb2, Dlgap3"
"CC"	"Up"	"GO:0060076"	"excitatory synapse"	11	"11/234"	"102/12950"	5.96824199765376	2.22568949065373e-06	6.94415121083962e-05	"Kcnj3, Plcb4, Kcnj9, Dbn1, Unc13a, Grid2ip, Adcy8, Syndig1, Grm4, Lrrtm2, LRRTM1"
"CC"	"Up"	"GO:0099634"	"postsynaptic specialization membrane"	15	"15/234"	"198/12950"	4.19256669256669	3.04981256722653e-06	8.65037746340615e-05	"Cdh10, Grik1, Grm1, Gria4, Lrrc7, Chrm3, Il1rapl1, Gabra4, Cacna1c, Syndig1, Lrrtm2, Rgs7bp, LRRTM1, Gabrb2, Neto2"
"CC"	"Up"	"GO:1902495"	"transmembrane transporter complex"	21	"21/234"	"377/12950"	3.08270421002517	4.83089398477008e-06	0.000125603243604022	"Cacna1i, Kcnj3, Kcnj10, Kcnq3, Grik1, Scn1a, Kcnc2, Gria4, Kcnj14, Kcnj9, Trpc3, Kcnip4, Gabra4, Cacna1g, Cacna1c, Kcna4, Cacna2d3, Cacnb2, Kcnk4, Gabrb2, Cacnb4"
"CC"	"Up"	"GO:0150034"	"distal axon"	22	"22/234"	"411/12950"	2.96233909372596	5.40584011830648e-06	0.000129740162839355	"Hsp90aa1, Zfp804a, Rapgef3, Grik1, Kcnc2, Hdac5, Gria4, Adora1, Inpp5j, Chrm3, Dbn1, Cdkl5, Grm7, Unc13a, Elavl4, Epha4, Prkcg, Tspoap1, Septin6, Grm4, LRRTM1, Unc5c"
"CC"	"Up"	"GO:0048786"	"presynaptic active zone"	12	"12/234"	"140/12950"	4.74358974358974	8.67045314416414e-06	0.000193227241498515	"Cdh10, Gria4, Adora1, Atp2b1, Ntng1, Grm7, Unc13a, Arhgap44, Cacna2d3, Adcy8, Grm4, Gabrb2"
"CC"	"Up"	"GO:1990351"	"transporter complex"	21	"21/234"	"400/12950"	2.90544871794872	1.1980773594154e-05	0.000249200090758403	"Cacna1i, Kcnj3, Kcnj10, Kcnq3, Grik1, Scn1a, Kcnc2, Gria4, Kcnj14, Kcnj9, Trpc3, Kcnip4, Gabra4, Cacna1g, Cacna1c, Kcna4, Cacna2d3, Cacnb2, Kcnk4, Gabrb2, Cacnb4"
"CC"	"Up"	"GO:0034663"	"endoplasmic reticulum chaperone complex"	4	"4/234"	"10/12950"	22.1367521367521	2.00337698257998e-05	0.000390658511603096	"Hspa5, Hyou1, Pdia6, Sdf2l1"
"CC"	"Up"	"GO:0005891"	"voltage-gated calcium channel complex"	6	"6/234"	"33/12950"	10.0621600621601	2.40275873226634e-05	0.000440976896745352	"Cacna1i, Cacna1g, Cacna1c, Cacna2d3, Cacnb2, Cacnb4"
"CC"	"Up"	"GO:0048787"	"presynaptic active zone membrane"	8	"8/234"	"75/12950"	5.9031339031339	5.99847138993443e-05	0.00103973504092197	"Cdh10, Gria4, Atp2b1, Ntng1, Grm7, Cacna2d3, Grm4, Gabrb2"
"CC"	"Up"	"GO:0034706"	"sodium channel complex"	5	"5/234"	"25/12950"	11.0683760683761	7.29765790138764e-05	0.00119835224485944	"Cacna1i, Grik1, Scn1a, Gria4, Cacna1g"
"CC"	"Up"	"GO:0044306"	"neuron projection terminus"	14	"14/234"	"234/12950"	3.31105267002703	9.07218117125097e-05	0.00141526026271515	"Rapgef3, Grik1, Kcnc2, Gria4, Adora1, Chrm3, Grm7, Unc13a, Cacna1c, Epha4, Prkcg, Tspoap1, Septin6, Grm4"
"CC"	"Up"	"GO:0034705"	"potassium channel complex"	8	"8/234"	"83/12950"	5.33415714138606	0.000123905858523602	0.00179348767149589	"Kcnj3, Kcnq3, Grik1, Kcnc2, Gria4, Kcnip4, Kcna4, Kcnk4"
"CC"	"Up"	"GO:0043679"	"axon terminus"	13	"13/234"	"212/12950"	3.39360587002096	0.000126463874272146	0.00179348767149589	"Rapgef3, Grik1, Kcnc2, Gria4, Adora1, Chrm3, Grm7, Unc13a, Epha4, Prkcg, Tspoap1, Septin6, Grm4"
"CC"	"Up"	"GO:0098839"	"postsynaptic density membrane"	11	"11/234"	"160/12950"	3.80475427350427	0.00015485029534843	0.00210057791950914	"Grik1, Grm1, Gria4, Lrrc7, Chrm3, Il1rapl1, Cacna1c, Syndig1, Lrrtm2, Rgs7bp, Neto2"
"CC"	"Up"	"GO:0098797"	"plasma membrane protein complex"	20	"20/234"	"457/12950"	2.4219641287475	0.00023885125451418	0.00310506630868434	"Cdh10, Cacna1i, Kcnj3, Mpdz, Kcnq3, Grik1, Grm1, Scn1a, Kcnc2, Gria4, Sorbs1, Kcnip4, Cacna1g, Cacna1c, Kcna4, Il23r, Cacna2d3, Cdh6, Cacnb2, Cacnb4"
"CC"	"Up"	"GO:0034704"	"calcium channel complex"	6	"6/234"	"50/12950"	6.64102564102564	0.000266829507587159	0.00333003225468774	"Cacna1i, Cacna1g, Cacna1c, Cacna2d3, Cacnb2, Cacnb4"
"CC"	"Up"	"GO:0043195"	"terminal bouton"	8	"8/234"	"110/12950"	4.02486402486402	0.000848525667374695	0.00971719116140074	"Rapgef3, Grik1, Kcnc2, Gria4, Adora1, Grm7, Unc13a, Grm4"
"CC"	"Up"	"GO:0044304"	"main axon"	7	"7/234"	"85/12950"	4.55756661639015	0.000858041423196759	0.00971719116140074	"Kcnq3, Scn1a, Kcnc2, Lrrc7, Adora1, Kcna4, Kcnk4"
"CC"	"Up"	"GO:0030427"	"site of polarized growth"	12	"12/234"	"227/12950"	2.92556195639896	0.000872055617048784	0.00971719116140074	"Hsp90aa1, Zfp804a, Rapgef3, Hdac5, Fryl, Inpp5j, Dbn1, Cdkl5, Elavl4, Epha4, LRRTM1, Unc5c"
"CC"	"Up"	"GO:0009925"	"basal plasma membrane"	13	"13/234"	"262/12950"	2.7459711620017	0.00096534343079301	0.0103855684117505	"Hsp90aa1, Slc13a5, Kcnj10, Rapgef3, Car11, Kcnc2, Lrrc7, Adora1, Atp2b1, Chrm3, Abcc5, Cacna1c, Adcy8"
"CC"	"Up"	"GO:0098982"	"GABA-ergic synapse"	10	"10/234"	"169/12950"	3.27466747585091	0.0009986123472837	0.0103855684117505	"Cdh10, Cit, Kcnc2, Atp2b1, Gabra4, Grm7, Cacna2d3, Lrrtm2, LRRTM1, Gabrb2"
"CC"	"Up"	"GO:0098688"	"parallel fiber to Purkinje cell synapse"	5	"5/234"	"44/12950"	6.28885003885004	0.00112848820092727	0.0110603481914564	"Kcnj3, Plcb4, Kcnj9, Grid2ip, Grm4"
"CC"	"Up"	"GO:0016323"	"basolateral plasma membrane"	12	"12/234"	"234/12950"	2.83804514573745	0.00113439468630322	0.0110603481914564	"Hsp90aa1, Slc13a5, Kcnj10, Car11, Kcnc2, Lrrc7, Adora1, Atp2b1, Chrm3, Abcc5, Cacna1c, Adcy8"
"CC"	"Up"	"GO:0031256"	"leading edge membrane"	10	"10/234"	"176/12950"	3.14442501942502	0.00135817174613534	0.012840896508916	"Kcnc2, Fam107a, Pacsin2, Adora1, Atp2b1, Inpp5j, Gabra4, Cdkl5, Inpp5k, Arhgap44"
"CC"	"Up"	"GO:0043194"	"axon initial segment"	4	"4/234"	"28/12950"	7.90598290598291	0.00151274778017743	0.0138816855122164	"Kcnq3, Scn1a, Lrrc7, Kcna4"
"CC"	"Up"	"GO:0031252"	"cell leading edge"	17	"17/234"	"419/12950"	2.24537462007629	0.00160101468548841	0.0142719023392109	"Cit, Rapgef3, Kcnc2, Fam107a, Pacsin2, Adora1, Atp2b1, Inpp5j, Gabra4, Dbn1, Cdkl5, Mcf2l, Inpp5k, Dpp9, Rock1, Arhgap44, Unc5c"
"CC"	"Up"	"GO:0031253"	"cell projection membrane"	14	"14/234"	"315/12950"	2.45963912630579	0.00178109555657421	0.0154361614903098	"Hsp90aa1, Rapgef3, Kcnc2, Fam107a, Pacsin2, Adora1, Trpm6, Atp2b1, Inpp5j, Gabra4, Cdkl5, Inpp5k, Shank3, Ptger3"
"CC"	"Up"	"GO:0045178"	"basal part of cell"	13	"13/234"	"282/12950"	2.55122143420016	0.00187079404286755	0.0157753443614777	"Hsp90aa1, Slc13a5, Kcnj10, Rapgef3, Car11, Kcnc2, Lrrc7, Adora1, Atp2b1, Chrm3, Abcc5, Cacna1c, Adcy8"
"CC"	"Up"	"GO:0030426"	"growth cone"	11	"11/234"	"219/12950"	2.77972914959216	0.00212987749201435	0.0174874151975915	"Hsp90aa1, Zfp804a, Rapgef3, Hdac5, Inpp5j, Dbn1, Cdkl5, Elavl4, Epha4, LRRTM1, Unc5c"
"CC"	"Up"	"GO:0001518"	"voltage-gated sodium channel complex"	3	"3/234"	"16/12950"	10.3766025641026	0.0027407643960919	0.0219261151687352	"Cacna1i, Scn1a, Cacna1g"
"CC"	"Up"	"GO:0005790"	"smooth endoplasmic reticulum"	4	"4/234"	"33/12950"	6.70810670810671	0.00281742153706089	0.0219758879890749	"Hspa5, Hyou1, Plcb4, Pdia6"
"CC"	"Up"	"GO:0030175"	"filopodium"	7	"7/234"	"105/12950"	3.68945868945869	0.00292106051718145	0.0222285580819662	"Rapgef3, Farp1, Lrrc7, Dbn1, Myo1b, Epha4, Unc5c"
"CC"	"Up"	"GO:0044305"	"calyx of Held"	4	"4/234"	"35/12950"	6.32478632478632	0.00350502622187321	0.026037337648201	"Adora1, Unc13a, Prkcg, Tspoap1"
"CC"	"Up"	"GO:0044292"	"dendrite terminus"	3	"3/234"	"19/12950"	8.73819163292847	0.00455688972331468	0.0330639440389344	"Hsp90aa1, Rgs7, Cdkl5"
"CC"	"Up"	"GO:0098871"	"postsynaptic actin cytoskeleton"	3	"3/234"	"20/12950"	8.30128205128205	0.00529030094421801	0.0375130430590005	"Cttnbp2, Fam107a, Dbn1"
"CC"	"Up"	"GO:0033268"	"node of Ranvier"	3	"3/234"	"22/12950"	7.54662004662005	0.00695942835046587	0.04825203656323	"Kcnq3, Scn1a, Kcnk4"
"CC"	"Down"	"GO:0062023"	"collagen-containing extracellular matrix"	14	"14/164"	"215/12950"	5.14180374361883	5.82769437017823e-07	5.00928237237956e-05	"Lama3, Tgfbi, Col8a2, Col9a3, Loxl4, Sod3, Frem1, Adamtsl4, Frem3, Frem2, Pmp22, Col8a1, Fgfr2, Matn2"
"CC"	"Down"	"GO:0031012"	"extracellular matrix"	17	"17/164"	"320/12950"	4.19493140243902	6.25563286488295e-07	5.00928237237956e-05	"Lama3, Tgfbi, Col8a2, Col9a3, Loxl4, Sod3, Frem1, Adamtsl4, Tsku, Frem3, Frem2, Pmp22, Col8a1, Fgfr2, Lingo3, Mmp14, Matn2"
"CC"	"Down"	"GO:0030312"	"external encapsulating structure"	17	"17/164"	"321/12950"	4.18186308031305	6.533846572669e-07	5.00928237237956e-05	"Lama3, Tgfbi, Col8a2, Col9a3, Loxl4, Sod3, Frem1, Adamtsl4, Tsku, Frem3, Frem2, Pmp22, Col8a1, Fgfr2, Lingo3, Mmp14, Matn2"
"CC"	"Down"	"GO:0043209"	"myelin sheath"	6	"6/164"	"52/12950"	9.11116322701689	4.73328680657303e-05	0.00219916710033467	"Cnp, Tubb4a, Car13, Gsn, Pmp22, Tspan2"
"CC"	"Down"	"GO:0005604"	"basement membrane"	8	"8/164"	"103/12950"	6.13308074828321	4.7807980442058e-05	0.00219916710033467	"Lama3, Tgfbi, Col8a2, Frem1, Frem3, Frem2, Pmp22, Matn2"
"CC"	"Down"	"GO:0009897"	"external side of plasma membrane"	12	"12/164"	"261/12950"	3.6305018222596	0.000121149361770763	0.00464405886787926	"Itgal, Antxr1, Krt18, Ace, Prlr, Tgfbr2, Itgb6, Itga2, Cd74, Ly75, Folr1, Hfe"
"CC"	"Down"	"GO:0043235"	"receptor complex"	13	"13/164"	"324/12950"	3.16828515507377	0.000244217465873845	0.00715295882764178	"Notch2, Itgal, Prlr, Tgfbr2, Itgb6, Loxl4, Itga2, Cd74, Ddr1, Pmp22, Fgfr2, Traf3, Hfe"
"CC"	"Down"	"GO:0045178"	"basal part of cell"	12	"12/164"	"282/12950"	3.3601453035807	0.000248798567917975	0.00715295882764178	"Slc16a8, Ezr, Ace, Slc4a2, Slc22a8, Dsp, Slc4a5, Itga2, Folr1, Tgfa, Ddr1, Hfe"
"CC"	"Down"	"GO:0008305"	"integrin complex"	4	"4/164"	"27/12950"	11.6982836495032	0.000346667279070168	0.00885927490957095	"Itgal, Itgb6, Itga2, Pmp22"
"CC"	"Down"	"GO:0098636"	"protein complex involved in cell adhesion"	4	"4/164"	"39/12950"	8.09881175734834	0.00144389669406362	0.0332096239634633	"Itgal, Itgb6, Itga2, Pmp22"
"CC"	"Down"	"GO:0005911"	"cell-cell junction"	14	"14/164"	"450/12950"	2.45663956639566	0.00174433998381176	0.0355550205652348	"Lama3, Itgal, Ezr, Dsp, Tjp3, Cgnl1, Gsn, Kcnj2, Pmp22, Pxn, Opalin, Actb, Pkp1, Cldn2"
"CC"	"Down"	"GO:0009925"	"basal plasma membrane"	10	"10/164"	"262/12950"	3.01387078756284	0.00185504455122964	0.0355550205652348	"Slc16a8, Ezr, Ace, Slc4a2, Slc22a8, Dsp, Slc4a5, Folr1, Tgfa, Ddr1"
"KEGG"	"Up"	"rno04724"	"Glutamatergic synapse"	12	"12/123"	"104/6101"	5.72326454033771	9.47146598752053e-07	0.000144433799446153	"Cacna1c, Gls, Grm1, Grm4, Prkcg, Plcb4, Adcy8, Grik1, Gria4, Kcnj3, Shank3, Grm7"
"KEGG"	"Up"	"rno04082"	"Neuroactive ligand signaling"	15	"15/123"	"171/6101"	4.35101982598773	1.40911023849906e-06	0.000144433799446153	"Gabra4, Adra1b, Adra2b, Chrm3, Grm1, Grm4, Prkcg, Plcb4, Gabrb2, Adcy8, Adora1, Grik1, Gria4, Grm7, Hrh3"
"KEGG"	"Up"	"rno04080"	"Neuroactive ligand-receptor interaction"	16	"16/123"	"232/6101"	3.42080179422484	1.42858005514596e-05	0.000976196371016405	"Gpr83, Gabra4, Adra1b, Adra2b, Agtr2, Chrm3, Grm1, Grm4, Ptger3, Gabrb2, Adora1, Npy1r, Grik1, Gria4, Grm7, Hrh3"
"KEGG"	"Up"	"rno04742"	"Taste transduction"	7	"7/123"	"43/6101"	8.07468330497258	2.0125185740366e-05	0.00103141576919376	"Gabra4, Cacna1c, Chrm3, Grm1, Grm4, Plcb4, Adcy8"
"KEGG"	"Up"	"rno04713"	"Circadian entrainment"	9	"9/123"	"83/6101"	5.37848956802821	3.84275214538266e-05	0.00157552837960689	"Kcnj9, Cacna1c, Prkcg, Plcb4, Adcy8, Gria4, Cacna1g, Kcnj3, Cacna1i"
"KEGG"	"Up"	"rno04261"	"Adrenergic signaling in cardiomyocytes"	11	"11/123"	"131/6101"	4.16502203189971	5.86040939325968e-05	0.00200230654269706	"Cacnb2, Adra1b, Agtr2, Bcl2, Cacna1c, Plcb4, Adcy8, Atp2b1, Cacna2d3, Cacnb4, Rapgef3"
"KEGG"	"Up"	"rno04921"	"Oxytocin signaling pathway"	11	"11/123"	"134/6101"	4.07177526999151	7.21493673535817e-05	0.00211294575821204	"Kcnj9, Cacnb2, Cacna1c, Prkcg, Plcb4, Kcnj14, Adcy8, Cacna2d3, Kcnj3, Cacnb4, Rock1"
"KEGG"	"Up"	"rno04929"	"GnRH secretion"	7	"7/123"	"57/6101"	6.09142775638283	0.000130709412563361	0.00334942869693612	"Kcnj9, Cacna1c, Prkcg, Plcb4, Cacna1g, Kcnj3, Cacna1i"
"KEGG"	"Up"	"rno04725"	"Cholinergic synapse"	9	"9/123"	"99/6101"	4.50923872875092	0.000154382340614952	0.00345720128229193	"Bcl2, Cacna1c, Chrm3, Prkcg, Plcb4, Kcnj14, Adcy8, Kcnq3, Kcnj3"
"KEGG"	"Up"	"rno04723"	"Retrograde endocannabinoid signaling"	10	"10/123"	"123/6101"	4.03265252164717	0.00016864396498985	0.00345720128229193	"Kcnj9, Gabra4, Cacna1c, Grm1, Prkcg, Plcb4, Gabrb2, Adcy8, Gria4, Kcnj3"
"KEGG"	"Up"	"rno04141"	"Protein processing in endoplasmic reticulum"	11	"11/123"	"152/6101"	3.58959135643988	0.000223636776479126	0.00416777628892916	"Hyou1, Bcl2, Hspa5, Pdia6, Hsph1, Capn1, Hspa4l, Hsp90aa1, Ero1b, Dnaja1, Derl3"
"KEGG"	"Up"	"rno04726"	"Serotonergic synapse"	8	"8/123"	"87/6101"	4.56106905896645	0.00033512994876715	0.00572513662477215	"Kcnj9, Cacna1c, Cyp4x1, Prkcg, Plcb4, Gabrb2, Kcnj3, Rapgef3"
"KEGG"	"Up"	"rno04927"	"Cortisol synthesis and secretion"	6	"6/123"	"52/6101"	5.72326454033771	0.000566659430874102	0.00893578333301469	"Cacna1c, Plcb4, Kcna4, Adcy8, Cacna1g, Cacna1i"
"KEGG"	"Up"	"rno04915"	"Estrogen signaling pathway"	8	"8/123"	"99/6101"	4.00821220333416	0.00080283011136626	0.011335003623572	"Kcnj9, Prkcd, Bcl2, Grm1, Plcb4, Adcy8, Hsp90aa1, Kcnj3"
"KEGG"	"Up"	"rno04970"	"Salivary secretion"	6	"6/123"	"56/6101"	5.31445993031359	0.000846338541731088	0.011335003623572	"Adra1b, Chrm3, Prkcg, Plcb4, Adcy8, Atp2b1"
"KEGG"	"Up"	"rno04020"	"Calcium signaling pathway"	12	"12/123"	"207/6101"	2.87545658065276	0.000884683209644647	0.011335003623572	"Adra1b, Cacna1c, Chrm3, Grm1, Prkcg, Ptger3, Plcb4, Fgf9, Adcy8, Atp2b1, Cacna1g, Cacna1i"
"KEGG"	"Up"	"rno05032"	"Morphine addiction"	7	"7/123"	"79/6101"	4.3950807862509	0.000993830377705261	0.0118749032418904	"Kcnj9, Gabra4, Prkcg, Gabrb2, Adcy8, Adora1, Kcnj3"
"KEGG"	"Up"	"rno04270"	"Vascular smooth muscle contraction"	8	"8/123"	"103/6101"	3.85255347699108	0.00104267443099525	0.0118749032418904	"Prkcd, Adra1b, Cacna1c, Prkcg, Plcb4, Adcy8, Irag1, Rock1"
"KEGG"	"Up"	"rno04720"	"Long-term potentiation"	6	"6/123"	"59/6101"	5.04423315419595	0.00111815152112746	0.0120642664121647	"Cacna1c, Grm1, Prkcg, Plcb4, Adcy8, Rapgef3"
"KEGG"	"Up"	"rno04925"	"Aldosterone synthesis and secretion"	7	"7/123"	"82/6101"	4.23428514772953	0.00124011230547327	0.012653384104241	"Cacna1c, Prkcg, Plcb4, Adcy8, Atp2b1, Cacna1g, Cacna1i"
"KEGG"	"Up"	"rno04022"	"cGMP-PKG signaling pathway"	9	"9/123"	"132/6101"	3.38192904656319	0.00129620032287346	0.012653384104241	"Adra1b, Adra2b, Cacna1c, Plcb4, Adcy8, Adora1, Atp2b1, Irag1, Rock1"
"KEGG"	"Up"	"rno04728"	"Dopaminergic synapse"	8	"8/123"	"116/6101"	3.42080179422484	0.00224127090208045	0.020884569769386	"Kcnj9, Cacna1c, Prkcg, Plcb4, Gria4, Bmal1, Kcnj3, Scn1a"
"KEGG"	"Up"	"rno00562"	"Inositol phosphate metabolism"	6	"6/123"	"69/6101"	4.31318487097914	0.00252605111462601	0.022514803412971	"Inpp4b, Inpp5j, Plcb4, Inpp5k, Inpp5b, Inpp5a"
"KEGG"	"Up"	"rno04727"	"GABAergic synapse"	6	"6/123"	"76/6101"	3.91591784338896	0.00410959456179898	0.035102786882033	"Gabra4, Cacna1c, Gls, Prkcg, Gabrb2, Adcy8"
"KEGG"	"Down"	"rno04971"	"Gastric acid secretion"	6	"6/81"	"64/6101"	7.06134259259259	0.000184405967425034	0.0319024386952242	"Kcne2, Slc4a2, Kcnj2, Ezr, Calml4, Potef"
"KEGG"	"Down"	"rno04512"	"ECM-receptor interaction"	6	"6/81"	"71/6101"	6.36515388628065	0.000327204499438197	0.0319024386952242	"Itga2, Frem1, Lama3, Frem2, Itgb6, Col9a3"
"MF"	"Up"	"GO:0022843"	"voltage-gated monoatomic cation channel activity"	16	"16/216"	"118/11518"	7.23038292529818	5.77961604010593e-10	1.88903934515569e-07	"Cacna1i, Kcnj3, Kcnj10, Kcnq3, Kcnc2, Kcnj14, Kcnj9, Cacna1g, Grm7, Cacna1c, Kcna4, Cacna2d3, Tspoap1, Cacnb2, Kcnk4, Cacnb4"
"MF"	"Up"	"GO:0022836"	"gated channel activity"	22	"22/216"	"245/11518"	4.78828420256992	1.09635312991039e-09	1.88903934515569e-07	"Cacna1i, Kcnj3, Kcnj10, Kcnq3, Grik1, Scn1a, Kcnc2, Gria4, Kcnj14, Kcnj9, Trpc3, Gabra4, Cacna1g, Grm7, Cacna1c, Kcna4, Cacna2d3, Tspoap1, Cacnb2, Kcnk4, Gabrb2, Cacnb4"
"MF"	"Up"	"GO:0005244"	"voltage-gated monoatomic ion channel activity"	17	"17/216"	"143/11518"	6.33922558922559	1.32846457232275e-09	1.88903934515569e-07	"Cacna1i, Kcnj3, Kcnj10, Kcnq3, Scn1a, Kcnc2, Kcnj14, Kcnj9, Cacna1g, Grm7, Cacna1c, Kcna4, Cacna2d3, Tspoap1, Cacnb2, Kcnk4, Cacnb4"
"MF"	"Up"	"GO:0022832"	"voltage-gated channel activity"	17	"17/216"	"144/11518"	6.29520318930041	1.48159948639662e-09	1.88903934515569e-07	"Cacna1i, Kcnj3, Kcnj10, Kcnq3, Scn1a, Kcnc2, Kcnj14, Kcnj9, Cacna1g, Grm7, Cacna1c, Kcna4, Cacna2d3, Tspoap1, Cacnb2, Kcnk4, Cacnb4"
"MF"	"Up"	"GO:0005261"	"monoatomic cation channel activity"	21	"21/216"	"262/11518"	4.27406700593723	2.02808108614476e-08	1.80760273884421e-06	"Cacna1i, Kcnj3, Kcnj10, Kcnq3, Grik1, Scn1a, Kcnc2, Kcnj14, Kcnj9, Trpc3, Trpm6, Kcnip4, Cacna1g, Grm7, Cacna1c, Kcna4, Cacna2d3, Tspoap1, Cacnb2, Kcnk4, Cacnb4"
"MF"	"Up"	"GO:0005216"	"monoatomic ion channel activity"	24	"24/216"	"339/11518"	3.77515568666011	2.12659145746377e-08	1.80760273884421e-06	"Cacna1i, Kcnj3, Kcnj10, Kcnq3, Grik1, Scn1a, Kcnc2, Gria4, Kcnj14, Kcnj9, Trpc3, Trpm6, Kcnip4, Gabra4, Cacna1g, Grm7, Cacna1c, Kcna4, Cacna2d3, Tspoap1, Cacnb2, Kcnk4, Gabrb2, Cacnb4"
"MF"	"Up"	"GO:0015267"	"channel activity"	25	"25/216"	"376/11518"	3.54548364854216	3.67948736176487e-08	2.34567319312511e-06	"Cacna1i, Kcnj3, Kcnj10, Kcnq3, Grik1, Scn1a, Kcnc2, Gria4, Kcnj14, Kcnj9, Trpc3, Trpm6, Kcnip4, Bcl2, Gabra4, Cacna1g, Grm7, Cacna1c, Kcna4, Cacna2d3, Tspoap1, Cacnb2, Kcnk4, Gabrb2, Cacnb4"
"MF"	"Up"	"GO:0022803"	"passive transmembrane transporter activity"	25	"25/216"	"376/11518"	3.54548364854216	3.67948736176487e-08	2.34567319312511e-06	"Cacna1i, Kcnj3, Kcnj10, Kcnq3, Grik1, Scn1a, Kcnc2, Gria4, Kcnj14, Kcnj9, Trpc3, Trpm6, Kcnip4, Bcl2, Gabra4, Cacna1g, Grm7, Cacna1c, Kcna4, Cacna2d3, Tspoap1, Cacnb2, Kcnk4, Gabrb2, Cacnb4"
"MF"	"Up"	"GO:0046873"	"metal ion transmembrane transporter activity"	23	"23/216"	"356/11518"	3.44509467332501	2.25335886322673e-07	1.27690335582848e-05	"Cacna1i, Kcnj3, Slc13a5, Kcnj10, Kcnq3, Grik1, Scn1a, Kcnc2, Kcnj14, Kcnj9, Trpc3, Trpm6, Atp2b1, Kcnip4, Cacna1g, Grm7, Cacna1c, Kcna4, Cacna2d3, Tspoap1, Cacnb2, Kcnk4, Cacnb4"
"MF"	"Up"	"GO:0005245"	"voltage-gated calcium channel activity"	8	"8/216"	"36/11518"	11.8497942386831	2.58830179927823e-07	1.3200339176319e-05	"Cacna1i, Cacna1g, Grm7, Cacna1c, Cacna2d3, Tspoap1, Cacnb2, Cacnb4"
"MF"	"Up"	"GO:0022890"	"inorganic cation transmembrane transporter activity"	25	"25/216"	"432/11518"	3.08588391632373	5.25202242230574e-07	2.43502857761448e-05	"Cacna1i, Kcnj3, Slc13a5, Kcnj10, Kcnq3, Grik1, Scn1a, Kcnc2, Gria4, Kcnj14, Kcnj9, Trpc3, Trpm6, Atp2b1, Kcnip4, Slc25a27, Cacna1g, Grm7, Cacna1c, Kcna4, Cacna2d3, Tspoap1, Cacnb2, Kcnk4, Cacnb4"
"MF"	"Up"	"GO:0008324"	"monoatomic cation transmembrane transporter activity"	25	"25/216"	"466/11518"	2.86073358766492	2.10183068598972e-06	8.93278041545633e-05	"Cacna1i, Kcnj3, Slc13a5, Kcnj10, Kcnq3, Grik1, Scn1a, Kcnc2, Kcnj14, Kcnj9, Trpc3, Trpm6, Atp2b1, Kcnip4, Atp13a5, Slc25a27, Cacna1g, Grm7, Cacna1c, Kcna4, Cacna2d3, Tspoap1, Cacnb2, Kcnk4, Cacnb4"
"MF"	"Up"	"GO:0015085"	"calcium ion transmembrane transporter activity"	12	"12/216"	"120/11518"	5.33240740740741	2.47975913538417e-06	9.18612259917217e-05	"Cacna1i, Grik1, Trpc3, Trpm6, Atp2b1, Cacna1g, Grm7, Cacna1c, Cacna2d3, Tspoap1, Cacnb2, Cacnb4"
"MF"	"Up"	"GO:0046030"	"inositol trisphosphate phosphatase activity"	5	"5/216"	"13/11518"	20.5092592592593	2.52168071349824e-06	9.18612259917217e-05	"Inpp5b, Inpp5j, Inpp4b, Inpp5k, Inpp5a"
"MF"	"Up"	"GO:0005262"	"calcium channel activity"	11	"11/216"	"104/11518"	5.6400462962963	3.7866941780639e-06	0.000128747602054173	"Cacna1i, Grik1, Trpc3, Trpm6, Cacna1g, Grm7, Cacna1c, Cacna2d3, Tspoap1, Cacnb2, Cacnb4"
"MF"	"Up"	"GO:0004930"	"G protein-coupled receptor activity"	17	"17/216"	"268/11518"	3.38249723604201	1.16922371120451e-05	0.000372690057946438	"Grm1, Npy1r, Agtr2, Gpr63, Adora1, Chrm3, Adgrb1, Grm7, Inpp5k, Gpr83, Kctd16, Adra2b, Adra1b, Grm4, Or7h7b, Ptger3, Hrh3"
"MF"	"Up"	"GO:0005267"	"potassium channel activity"	10	"10/216"	"99/11518"	5.38627010849233	1.58841556192542e-05	0.000476524668577626	"Kcnj3, Kcnj10, Kcnq3, Grik1, Kcnc2, Kcnj14, Kcnj9, Kcnip4, Kcna4, Kcnk4"
"MF"	"Up"	"GO:0004445"	"inositol-polyphosphate 5-phosphatase activity"	4	"4/216"	"10/11518"	21.3296296296296	2.31211062702861e-05	0.00065509801099144	"Inpp5b, Inpp5j, Inpp5k, Inpp5a"
"MF"	"Up"	"GO:0052745"	"inositol phosphate phosphatase activity"	5	"5/216"	"20/11518"	13.3310185185185	2.72874514268296e-05	0.00073245264356227	"Inpp5b, Inpp5j, Inpp4b, Inpp5k, Inpp5a"
"MF"	"Up"	"GO:0005249"	"voltage-gated potassium channel activity"	8	"8/216"	"78/11518"	5.46913580246914	0.000102070451164814	0.00256525289431543	"Kcnj3, Kcnj10, Kcnq3, Kcnc2, Kcnj14, Kcnj9, Kcna4, Kcnk4"
"MF"	"Up"	"GO:0008066"	"glutamate receptor activity"	5	"5/216"	"26/11518"	10.2546296296296	0.000105628060354165	0.00256525289431543	"Grik1, Grm1, Gria4, Grm7, Grm4"
"MF"	"Up"	"GO:0030594"	"neurotransmitter receptor activity"	8	"8/216"	"80/11518"	5.33240740740741	0.000122210686177958	0.00272640561434195	"Grik1, Grm1, Gria4, Chrm3, Gabra4, Kctd16, Gabrb2, Hrh3"
"MF"	"Up"	"GO:0098960"	"postsynaptic neurotransmitter receptor activity"	7	"7/216"	"60/11518"	6.22114197530864	0.00012295554731346	0.00272640561434195	"Grik1, Grm1, Gria4, Chrm3, Gabra4, Kctd16, Gabrb2"
"MF"	"Up"	"GO:0140662"	"ATP-dependent protein folding chaperone"	5	"5/216"	"28/11518"	9.52215608465608	0.000153071421203106	0.00325276770056601	"Hsp90aa1, Hspa5, Hyou1, Hsph1, Hspa4l"
"MF"	"Up"	"GO:0015079"	"potassium ion transmembrane transporter activity"	10	"10/216"	"131/11518"	4.07054000565451	0.000174716235408122	0.00356421120232569	"Kcnj3, Kcnj10, Kcnq3, Grik1, Kcnc2, Kcnj14, Kcnj9, Kcnip4, Kcna4, Kcnk4"
"MF"	"Up"	"GO:0099508"	"voltage-gated monoatomic ion channel activity involved in regulation of presynaptic membrane potential"	4	"4/216"	"16/11518"	13.3310185185185	0.00018339090951169	0.003597283225037	"Kcnj3, Scn1a, Kcnc2, Kcna4"
"MF"	"Up"	"GO:0030695"	"GTPase regulator activity"	18	"18/216"	"392/11518"	2.44855442176871	0.000419106023457427	0.00763371685583171	"Arap2, Rapgef3, Arhgap21, Rgs7, Plekhg1, Tbc1d4, Farp1, Rgs4, Prex2, Mcf2l, Srgap1, Rap1gds1, Elmo1, Arhgap44, Kalrn, Rasa4, Dennd6b, Vps9d1"
"MF"	"Up"	"GO:0060589"	"nucleoside-triphosphatase regulator activity"	18	"18/216"	"392/11518"	2.44855442176871	0.000419106023457427	0.00763371685583171	"Arap2, Rapgef3, Arhgap21, Rgs7, Plekhg1, Tbc1d4, Farp1, Rgs4, Prex2, Mcf2l, Srgap1, Rap1gds1, Elmo1, Arhgap44, Kalrn, Rasa4, Dennd6b, Vps9d1"
"MF"	"Up"	"GO:0004439"	"phosphatidylinositol-4,5-bisphosphate 5-phosphatase activity"	3	"3/216"	"10/11518"	15.9972222222222	0.000708126080980338	0.0124532517689646	"Inpp5b, Inpp5j, Inpp5k"
"MF"	"Up"	"GO:0005516"	"calmodulin binding"	10	"10/216"	"162/11518"	3.29160951074531	0.000947046136430552	0.0156597171094584	"Kcnq3, Ndufaf4, Atp2b1, Grm7, Unc13a, Cacna1c, Adcy8, Myo1b, Pcp4, Grm4"
"MF"	"Up"	"GO:0005242"	"inward rectifier potassium channel activity"	4	"4/216"	"24/11518"	8.88734567901234	0.000951865157633743	0.0156597171094584	"Kcnj3, Kcnj10, Kcnj14, Kcnj9"
"MF"	"Up"	"GO:0015276"	"ligand-gated monoatomic ion channel activity"	9	"9/216"	"136/11518"	3.52879901960784	0.00103859593150263	0.0165526226583231	"Kcnj3, Kcnj10, Grik1, Gria4, Kcnj14, Kcnj9, Trpc3, Gabra4, Gabrb2"
"MF"	"Up"	"GO:0034593"	"phosphatidylinositol bisphosphate phosphatase activity"	4	"4/216"	"25/11518"	8.53185185185185	0.00111667226381811	0.0172576622590071	"Inpp5b, Inpp5j, Inpp4b, Inpp5k"
"MF"	"Up"	"GO:0106019"	"phosphatidylinositol-4,5-bisphosphate phosphatase activity"	3	"3/216"	"12/11518"	13.3310185185185	0.00126269401323035	0.0189404101984553	"Inpp5b, Inpp5j, Inpp5k"
"MF"	"Up"	"GO:0022834"	"ligand-gated channel activity"	9	"9/216"	"141/11518"	3.40366430260047	0.00133949813074698	0.0195184013337417	"Kcnj3, Kcnj10, Grik1, Gria4, Kcnj14, Kcnj9, Trpc3, Gabra4, Gabrb2"
"MF"	"Up"	"GO:0052866"	"phosphatidylinositol phosphate phosphatase activity"	4	"4/216"	"27/11518"	7.89986282578875	0.00150446855426018	0.0213133045186859	"Inpp5b, Inpp5j, Inpp4b, Inpp5k"
"MF"	"Up"	"GO:0034595"	"phosphatidylinositol phosphate 5-phosphatase activity"	3	"3/216"	"13/11518"	12.3055555555556	0.00161891001584472	0.0217274765284423	"Inpp5b, Inpp5j, Inpp5k"
"MF"	"Up"	"GO:0099528"	"G protein-coupled neurotransmitter receptor activity"	3	"3/216"	"13/11518"	12.3055555555556	0.00161891001584472	0.0217274765284423	"Grm1, Chrm3, Kctd16"
"MF"	"Up"	"GO:0099529"	"neurotransmitter receptor activity involved in regulation of postsynaptic membrane potential"	5	"5/216"	"49/11518"	5.4412320483749	0.00215890648898234	0.0282318540866922	"Grik1, Gria4, Gabra4, Kctd16, Gabrb2"
"MF"	"Up"	"GO:0008227"	"G protein-coupled amine receptor activity"	4	"4/216"	"30/11518"	7.10987654320988	0.00224838800676657	0.0286669470862737	"Chrm3, Adra2b, Adra1b, Hrh3"
"MF"	"Up"	"GO:0005085"	"guanyl-nucleotide exchange factor activity"	10	"10/216"	"193/11518"	2.76290539243907	0.00346357104980014	0.0430834447658066	"Rapgef3, Plekhg1, Farp1, Prex2, Mcf2l, Rap1gds1, Elmo1, Kalrn, Dennd6b, Vps9d1"
